company_name,source_title,source_level,source_type,source_url,source_date,last_checked,evidence_use,confidence,notes
1X Technologies,1X Technologies 产品库来源,B,官网新闻,https://www.1x.tech/discover/neo-home-robot,unknown,2026-05-26,产品矩阵、参数和生产状态,中,生成时纳入公开来源清单；正式决策前需重新打开原链接复核。
1X Technologies,1X Technologies 落地案例来源,B,案例资料,https://www.1x.tech/discover/neo-home-robot,unknown,2026-05-26,客户、场景、付费和持续运营证据,中,生成时纳入公开来源清单；正式决策前需重新打开原链接复核。
ANYbotics,ANYbotics 产品库来源,B,官网产品页,https://www.anybotics.com/robotics/,unknown,2026-05-26,产品矩阵、参数和生产状态,中,生成时纳入公开来源清单；正式决策前需重新打开原链接复核。
ANYbotics,ANYbotics 落地案例来源,B,案例资料,https://www.anybotics.com/robotics/,unknown,2026-05-26,客户、场景、付费和持续运营证据,中,生成时纳入公开来源清单；正式决策前需重新打开原链接复核。
Agility Robotics,Agility Robotics 产品库来源,B,官网新闻,https://www.agilityrobotics.com/content/digit-deployed-at-gxo-in-historic-humanoid-raas-agreement,unknown,2026-05-26,产品矩阵、参数和生产状态,中,生成时纳入公开来源清单；正式决策前需重新打开原链接复核。
Agility Robotics,Agility Robotics 落地案例来源,B,案例资料,https://www.agilityrobotics.com/content/digit-deployed-at-gxo-in-historic-humanoid-raas-agreement,unknown,2026-05-26,客户、场景、付费和持续运营证据,中,生成时纳入公开来源清单；正式决策前需重新打开原链接复核。
Amazon Robotics,Amazon Robotics 落地案例来源,A,案例资料,https://www.aboutamazon.com/news/operations/amazon-robotics-robots-fulfillment-center,unknown,2026-05-26,客户、场景、付费和持续运营证据,中,生成时纳入公开来源清单；正式决策前需重新打开原链接复核。
Apptronik,Apptronik 产品库来源,B,官网新闻,https://apptronik.com/news-collection/apptronik-and-mercedes-benz-enter-commercial-agreement,unknown,2026-05-26,产品矩阵、参数和生产状态,中,生成时纳入公开来源清单；正式决策前需重新打开原链接复核。
Apptronik,Apptronik 落地案例来源,B,案例资料,https://apptronik.com/news-collection/apptronik-and-mercedes-benz-enter-commercial-agreement,unknown,2026-05-26,客户、场景、付费和持续运营证据,中,生成时纳入公开来源清单；正式决策前需重新打开原链接复核。
Boston Dynamics,Boston Dynamics 产品库来源,B,官网产品页,https://bostondynamics.com/products/atlas/,unknown,2026-05-26,产品矩阵、参数和生产状态,中,生成时纳入公开来源清单；正式决策前需重新打开原链接复核。
Boston Dynamics,Boston Dynamics 落地案例来源,B,案例资料,https://bostondynamics.com/products/atlas/,unknown,2026-05-26,客户、场景、付费和持续运营证据,中,生成时纳入公开来源清单；正式决策前需重新打开原链接复核。
FieldAI,FieldAI 融资事件来源,B,官网/媒体,https://www.fieldai.com/technology,unknown,2026-05-26,融资、资本关注度和发展阶段,中,生成时纳入公开来源清单；正式决策前需重新打开原链接复核。
Figure AI,Figure AI 产品库来源,C,客户公告,https://www.bmwgroup.com/en/news/general/2024/humanoid-robots.html,unknown,2026-05-26,产品矩阵、参数和生产状态,中,生成时纳入公开来源清单；正式决策前需重新打开原链接复核。
Figure AI,Figure AI 落地案例来源,A,案例资料,https://www.bmwgroup.com/en/news/general/2024/humanoid-robots.html,unknown,2026-05-26,客户、场景、付费和持续运营证据,中,生成时纳入公开来源清单；正式决策前需重新打开原链接复核。
NEURA Robotics,NEURA Robotics 产品库来源,B,官网产品页,https://neura-robotics.com/products/4ne1/,unknown,2026-05-26,产品矩阵、参数和生产状态,中,生成时纳入公开来源清单；正式决策前需重新打开原链接复核。
Physical Intelligence,Physical Intelligence 融资事件来源,B,官网,https://www.pi.website/,unknown,2026-05-26,融资、资本关注度和发展阶段,中,生成时纳入公开来源清单；正式决策前需重新打开原链接复核。
Sanctuary AI,Sanctuary AI 产品库来源,B,官网新闻,https://www.sanctuary.ai/blog/sanctuary-ai-unveils-phoenix-a-humanoid-general-purpose-robot-designed-for-work,unknown,2026-05-26,产品矩阵、参数和生产状态,中,生成时纳入公开来源清单；正式决策前需重新打开原链接复核。
Simbe Robotics,Simbe Robotics 产品库来源,B,官网新闻,https://www.simberobotics.com/about/newsroom/simbe-marks-10-years-of-tally-the-robot,unknown,2026-05-26,产品矩阵、参数和生产状态,中,生成时纳入公开来源清单；正式决策前需重新打开原链接复核。
Simbe Robotics,Simbe Robotics 落地案例来源,B,案例资料,https://www.simberobotics.com/about/newsroom/simbe-marks-10-years-of-tally-the-robot,unknown,2026-05-26,客户、场景、付费和持续运营证据,中,生成时纳入公开来源清单；正式决策前需重新打开原链接复核。
Skild AI,Skild AI 融资事件来源,C,媒体报道,https://siliconangle.com/2024/07/09/skild-ai-raises-300m-build-general-purpose-ai-powered-brain-robot/,unknown,2026-05-26,融资、资本关注度和发展阶段,中,生成时纳入公开来源清单；正式决策前需重新打开原链接复核。
三花智控,三花智控 公司库主来源,A,官网/上市公司,https://www.sanhua.com/,unknown,2026-05-26,公司定位、产品线、场景与部署状态基础事实,中,生成时纳入公开来源清单；正式决策前需重新打开原链接复核。
三花智控,三花智控 来源索引补充,B,来源索引,https://www.sanhua.com/,unknown,2026-05-26,三花智控,中,生成时纳入公开来源清单；正式决策前需重新打开原链接复核。
三花智控,三花智控 公司基本定位复核,A,官网/上市公司,https://www.sanhua.com/,unknown,2026-05-26,公司基本定位复核,中,生成时纳入公开来源清单；正式决策前需重新打开原链接复核。
三花智控,三花智控 核心产品与形态复核,A,官网/上市公司,https://www.sanhua.com/,unknown,2026-05-26,核心产品与形态复核,中,生成时纳入公开来源清单；正式决策前需重新打开原链接复核。
三花智控,三花智控 目标场景与客户类型复核,A,官网/上市公司,https://www.sanhua.com/,unknown,2026-05-26,目标场景与客户类型复核,中,生成时纳入公开来源清单；正式决策前需重新打开原链接复核。
三花智控,三花智控 技术路线和软件栈复核,A,官网/上市公司,https://www.sanhua.com/,unknown,2026-05-26,技术路线和软件栈复核,中,生成时纳入公开来源清单；正式决策前需重新打开原链接复核。
三花智控,三花智控 商业化阶段复核,A,官网/上市公司,https://www.sanhua.com/,unknown,2026-05-26,商业化阶段复核,中,生成时纳入公开来源清单；正式决策前需重新打开原链接复核。
三花智控,三花智控 量产、交付和收入边界复核,A,官网/上市公司,https://www.sanhua.com/,unknown,2026-05-26,量产、交付和收入边界复核,中,生成时纳入公开来源清单；正式决策前需重新打开原链接复核。
中大力德,中大力德 公司库主来源,A,官网/上市公司,https://www.zd-motor.com/,unknown,2026-05-26,公司定位、产品线、场景与部署状态基础事实,中,生成时纳入公开来源清单；正式决策前需重新打开原链接复核。
中大力德,中大力德 来源索引补充,B,来源索引,https://www.zd-motor.com/,unknown,2026-05-26,中大力德,中,生成时纳入公开来源清单；正式决策前需重新打开原链接复核。
中大力德,中大力德 公司基本定位复核,A,官网/上市公司,https://www.zd-motor.com/,unknown,2026-05-26,公司基本定位复核,中,生成时纳入公开来源清单；正式决策前需重新打开原链接复核。
中大力德,中大力德 核心产品与形态复核,A,官网/上市公司,https://www.zd-motor.com/,unknown,2026-05-26,核心产品与形态复核,中,生成时纳入公开来源清单；正式决策前需重新打开原链接复核。
中大力德,中大力德 目标场景与客户类型复核,A,官网/上市公司,https://www.zd-motor.com/,unknown,2026-05-26,目标场景与客户类型复核,中,生成时纳入公开来源清单；正式决策前需重新打开原链接复核。
中大力德,中大力德 技术路线和软件栈复核,A,官网/上市公司,https://www.zd-motor.com/,unknown,2026-05-26,技术路线和软件栈复核,中,生成时纳入公开来源清单；正式决策前需重新打开原链接复核。
中大力德,中大力德 商业化阶段复核,A,官网/上市公司,https://www.zd-motor.com/,unknown,2026-05-26,商业化阶段复核,中,生成时纳入公开来源清单；正式决策前需重新打开原链接复核。
中大力德,中大力德 量产、交付和收入边界复核,A,官网/上市公司,https://www.zd-motor.com/,unknown,2026-05-26,量产、交付和收入边界复核,中,生成时纳入公开来源清单；正式决策前需重新打开原链接复核。
乐聚机器人,乐聚机器人 公司库主来源,B,官网,https://www.lejurobot.com/,unknown,2026-05-26,公司定位、产品线、场景与部署状态基础事实,中,生成时纳入公开来源清单；正式决策前需重新打开原链接复核。
乐聚机器人,乐聚机器人 产品库来源,B,官网,https://www.lejurobot.com/,unknown,2026-05-26,产品矩阵、参数和生产状态,中,生成时纳入公开来源清单；正式决策前需重新打开原链接复核。
乐聚机器人,乐聚机器人 来源索引补充,B,来源索引,https://www.lejurobot.com/,unknown,2026-05-26,乐聚机器人产品与应用方向,中,生成时纳入公开来源清单；正式决策前需重新打开原链接复核。
乐聚机器人,乐聚英文官网,B,官网,https://lejurobot.cn/,unknown,2026-05-26,乐聚英文官网,中,生成时纳入公开来源清单；正式决策前需重新打开原链接复核。
乐聚机器人,乐聚中文官网,B,官网,https://www.lejurobot.com/zh,unknown,2026-05-26,乐聚中文官网,中,生成时纳入公开来源清单；正式决策前需重新打开原链接复核。
乐聚机器人,KUAVO 5 产品资料,C,产品资料,https://ui44.com/robots/leju-kuavo5,unknown,2026-05-26,KUAVO 5 产品资料,中,生成时纳入公开来源清单；正式决策前需重新打开原链接复核。
乐聚机器人,乐聚招股书/披露资料线索,A,监管文件,https://reportdocs.static.szse.cn/UpFiles/rasinfodisc1/202605/RAS_202605_1918054BB49FB55E3D46A885B9FAC3CA21D76F.pdf,unknown,2026-05-26,乐聚招股书/披露资料线索,中,生成时纳入公开来源清单；正式决策前需重新打开原链接复核。
乐聚机器人,乐聚机器人 公司基本定位复核,B,官网,https://www.lejurobot.com/,unknown,2026-05-26,公司基本定位复核,中,生成时纳入公开来源清单；正式决策前需重新打开原链接复核。
乐聚机器人,乐聚机器人 核心产品与形态复核,B,官网,https://www.lejurobot.com/,unknown,2026-05-26,核心产品与形态复核,中,生成时纳入公开来源清单；正式决策前需重新打开原链接复核。
乐聚机器人,乐聚机器人 目标场景与客户类型复核,B,官网,https://www.lejurobot.com/,unknown,2026-05-26,目标场景与客户类型复核,中,生成时纳入公开来源清单；正式决策前需重新打开原链接复核。
乐聚机器人,乐聚机器人 技术路线和软件栈复核,B,官网,https://www.lejurobot.com/,unknown,2026-05-26,技术路线和软件栈复核,中,生成时纳入公开来源清单；正式决策前需重新打开原链接复核。
乐聚机器人,乐聚机器人 商业化阶段复核,B,官网,https://www.lejurobot.com/,unknown,2026-05-26,商业化阶段复核,中,生成时纳入公开来源清单；正式决策前需重新打开原链接复核。
乐聚机器人,乐聚机器人 量产、交付和收入边界复核,B,官网,https://www.lejurobot.com/,unknown,2026-05-26,量产、交付和收入边界复核,中,生成时纳入公开来源清单；正式决策前需重新打开原链接复核。
乐聚机器人,乐聚机器人 供应链和关键零部件复核,B,官网,https://www.lejurobot.com/,unknown,2026-05-26,供应链和关键零部件复核,中,生成时纳入公开来源清单；正式决策前需重新打开原链接复核。
乐聚机器人,乐聚机器人 管理层合作风险复核,B,官网,https://www.lejurobot.com/,unknown,2026-05-26,管理层合作风险复核,中,生成时纳入公开来源清单；正式决策前需重新打开原链接复核。
乐聚机器人,乐聚机器人 未来 12 个月跟踪指标复核,B,官网,https://www.lejurobot.com/,unknown,2026-05-26,未来 12 个月跟踪指标复核,中,生成时纳入公开来源清单；正式决策前需重新打开原链接复核。
乐聚机器人,乐聚机器人 与同类公司横向对照复核,B,官网,https://www.lejurobot.com/,unknown,2026-05-26,与同类公司横向对照复核,中,生成时纳入公开来源清单；正式决策前需重新打开原链接复核。
乐聚机器人,乐聚机器人 公司基本定位复核,B,官网,https://www.lejurobot.com/,unknown,2026-05-26,公司基本定位复核,中,生成时纳入公开来源清单；正式决策前需重新打开原链接复核。
乐聚机器人,乐聚机器人 核心产品与形态复核,B,官网,https://www.lejurobot.com/,unknown,2026-05-26,核心产品与形态复核,中,生成时纳入公开来源清单；正式决策前需重新打开原链接复核。
乐聚机器人,乐聚机器人 目标场景与客户类型复核,B,官网,https://www.lejurobot.com/,unknown,2026-05-26,目标场景与客户类型复核,中,生成时纳入公开来源清单；正式决策前需重新打开原链接复核。
乐聚机器人,乐聚机器人 技术路线和软件栈复核,B,官网,https://www.lejurobot.com/,unknown,2026-05-26,技术路线和软件栈复核,中,生成时纳入公开来源清单；正式决策前需重新打开原链接复核。
乐聚机器人,乐聚机器人 商业化阶段复核,B,官网,https://www.lejurobot.com/,unknown,2026-05-26,商业化阶段复核,中,生成时纳入公开来源清单；正式决策前需重新打开原链接复核。
乐聚机器人,乐聚机器人 量产、交付和收入边界复核,B,官网,https://www.lejurobot.com/,unknown,2026-05-26,量产、交付和收入边界复核,中,生成时纳入公开来源清单；正式决策前需重新打开原链接复核。
乐聚机器人,乐聚机器人 供应链和关键零部件复核,B,官网,https://www.lejurobot.com/,unknown,2026-05-26,供应链和关键零部件复核,中,生成时纳入公开来源清单；正式决策前需重新打开原链接复核。
乐聚机器人,乐聚机器人 管理层合作风险复核,B,官网,https://www.lejurobot.com/,unknown,2026-05-26,管理层合作风险复核,中,生成时纳入公开来源清单；正式决策前需重新打开原链接复核。
乐聚机器人,乐聚机器人 未来 12 个月跟踪指标复核,B,官网,https://www.lejurobot.com/,unknown,2026-05-26,未来 12 个月跟踪指标复核,中,生成时纳入公开来源清单；正式决策前需重新打开原链接复核。
乐聚机器人,乐聚机器人 与同类公司横向对照复核,B,官网,https://www.lejurobot.com/,unknown,2026-05-26,与同类公司横向对照复核,中,生成时纳入公开来源清单；正式决策前需重新打开原链接复核。
乐聚机器人,乐聚机器人 公司基本定位复核,B,官网,https://www.lejurobot.com/,unknown,2026-05-26,公司基本定位复核,中,生成时纳入公开来源清单；正式决策前需重新打开原链接复核。
乐聚机器人,乐聚机器人 核心产品与形态复核,B,官网,https://www.lejurobot.com/,unknown,2026-05-26,核心产品与形态复核,中,生成时纳入公开来源清单；正式决策前需重新打开原链接复核。
乐聚机器人,乐聚机器人 目标场景与客户类型复核,B,官网,https://www.lejurobot.com/,unknown,2026-05-26,目标场景与客户类型复核,中,生成时纳入公开来源清单；正式决策前需重新打开原链接复核。
云深处科技,云深处科技 公司库主来源,B,官网,https://www.deeprobotics.cn/en/,unknown,2026-05-26,公司定位、产品线、场景与部署状态基础事实,高,生成时纳入公开来源清单；正式决策前需重新打开原链接复核。
云深处科技,云深处科技 产品库来源,B,官网,https://www.deeprobotics.cn/en/,unknown,2026-05-26,产品矩阵、参数和生产状态,中,生成时纳入公开来源清单；正式决策前需重新打开原链接复核。
云深处科技,云深处科技 落地案例来源,C,案例资料,https://www.globenewswire.com/news-release/2026/03/06/3250801/0/en/deep-robotics-chder-launch-full-scenario-robot-inspection-solution-empowering-safe-and-efficient-thermal-power-operations.html,unknown,2026-05-26,客户、场景、付费和持续运营证据,中,生成时纳入公开来源清单；正式决策前需重新打开原链接复核。
云深处科技,云深处科技 来源索引补充,B,来源索引,https://www.deeprobotics.cn/en/,unknown,2026-05-26,云深处四足机器人产品和案例入口,中,生成时纳入公开来源清单；正式决策前需重新打开原链接复核。
云深处科技,云深处科技 来源索引补充,B,来源索引,https://www.globenewswire.com/news-release/2026/03/06/3250801/0/en/deep-robotics-chder-launch-full-scenario-robot-inspection-solution-empowering-safe-and-efficient-thermal-power-operations.html,unknown,2026-05-26,云深处与华电电科院巡检方案,中,生成时纳入公开来源清单；正式决策前需重新打开原链接复核。
云深处科技,云深处官网,B,官网,https://www.deeprobotics.cn/en/,unknown,2026-05-26,云深处官网,中,生成时纳入公开来源清单；正式决策前需重新打开原链接复核。
云深处科技,Deep Robotics X30 产品页,B,官网产品页,https://www.deeprobotics.us/products/x30/,unknown,2026-05-26,Deep Robotics X30 产品页,中,生成时纳入公开来源清单；正式决策前需重新打开原链接复核。
云深处科技,X30 产品资料 PDF,B,产品资料,https://deep-website.oss-cn-hangzhou.aliyuncs.com/app/X30.pdf,unknown,2026-05-26,X30 产品资料 PDF,中,生成时纳入公开来源清单；正式决策前需重新打开原链接复核。
云深处科技,云深处与华电电科院巡检方案,C,媒体/方案发布,https://www.globenewswire.com/news-release/2026/03/06/3250801/0/en/deep-robotics-chder-launch-full-scenario-robot-inspection-solution-empowering-safe-and-efficient-thermal-power-operations.html,unknown,2026-05-26,云深处与华电电科院巡检方案,中,生成时纳入公开来源清单；正式决策前需重新打开原链接复核。
云深处科技,宁波钢铁巡检报道,C,媒体报道,https://www.cinn.cn/cl/2026/02-24/eryvxxgD.html,unknown,2026-05-26,宁波钢铁巡检报道,中,生成时纳入公开来源清单；正式决策前需重新打开原链接复核。
云深处科技,云深处科技 公司基本定位复核,B,官网,https://www.deeprobotics.cn/en/,unknown,2026-05-26,公司基本定位复核,高,生成时纳入公开来源清单；正式决策前需重新打开原链接复核。
云深处科技,云深处科技 核心产品与形态复核,B,官网,https://www.deeprobotics.cn/en/,unknown,2026-05-26,核心产品与形态复核,高,生成时纳入公开来源清单；正式决策前需重新打开原链接复核。
云深处科技,云深处科技 目标场景与客户类型复核,B,官网,https://www.deeprobotics.cn/en/,unknown,2026-05-26,目标场景与客户类型复核,高,生成时纳入公开来源清单；正式决策前需重新打开原链接复核。
云深处科技,云深处科技 技术路线和软件栈复核,B,官网,https://www.deeprobotics.cn/en/,unknown,2026-05-26,技术路线和软件栈复核,高,生成时纳入公开来源清单；正式决策前需重新打开原链接复核。
云深处科技,云深处科技 商业化阶段复核,B,官网,https://www.deeprobotics.cn/en/,unknown,2026-05-26,商业化阶段复核,高,生成时纳入公开来源清单；正式决策前需重新打开原链接复核。
云深处科技,云深处科技 量产、交付和收入边界复核,B,官网,https://www.deeprobotics.cn/en/,unknown,2026-05-26,量产、交付和收入边界复核,高,生成时纳入公开来源清单；正式决策前需重新打开原链接复核。
云深处科技,云深处科技 供应链和关键零部件复核,B,官网,https://www.deeprobotics.cn/en/,unknown,2026-05-26,供应链和关键零部件复核,高,生成时纳入公开来源清单；正式决策前需重新打开原链接复核。
云深处科技,云深处科技 管理层合作风险复核,B,官网,https://www.deeprobotics.cn/en/,unknown,2026-05-26,管理层合作风险复核,高,生成时纳入公开来源清单；正式决策前需重新打开原链接复核。
云深处科技,云深处科技 未来 12 个月跟踪指标复核,B,官网,https://www.deeprobotics.cn/en/,unknown,2026-05-26,未来 12 个月跟踪指标复核,高,生成时纳入公开来源清单；正式决策前需重新打开原链接复核。
云深处科技,云深处科技 与同类公司横向对照复核,B,官网,https://www.deeprobotics.cn/en/,unknown,2026-05-26,与同类公司横向对照复核,高,生成时纳入公开来源清单；正式决策前需重新打开原链接复核。
云深处科技,云深处科技 公司基本定位复核,B,官网,https://www.deeprobotics.cn/en/,unknown,2026-05-26,公司基本定位复核,高,生成时纳入公开来源清单；正式决策前需重新打开原链接复核。
云深处科技,云深处科技 核心产品与形态复核,B,官网,https://www.deeprobotics.cn/en/,unknown,2026-05-26,核心产品与形态复核,高,生成时纳入公开来源清单；正式决策前需重新打开原链接复核。
云深处科技,云深处科技 目标场景与客户类型复核,B,官网,https://www.deeprobotics.cn/en/,unknown,2026-05-26,目标场景与客户类型复核,高,生成时纳入公开来源清单；正式决策前需重新打开原链接复核。
云深处科技,云深处科技 技术路线和软件栈复核,B,官网,https://www.deeprobotics.cn/en/,unknown,2026-05-26,技术路线和软件栈复核,高,生成时纳入公开来源清单；正式决策前需重新打开原链接复核。
云深处科技,云深处科技 商业化阶段复核,B,官网,https://www.deeprobotics.cn/en/,unknown,2026-05-26,商业化阶段复核,高,生成时纳入公开来源清单；正式决策前需重新打开原链接复核。
云深处科技,云深处科技 量产、交付和收入边界复核,B,官网,https://www.deeprobotics.cn/en/,unknown,2026-05-26,量产、交付和收入边界复核,高,生成时纳入公开来源清单；正式决策前需重新打开原链接复核。
云深处科技,云深处科技 供应链和关键零部件复核,B,官网,https://www.deeprobotics.cn/en/,unknown,2026-05-26,供应链和关键零部件复核,高,生成时纳入公开来源清单；正式决策前需重新打开原链接复核。
云深处科技,云深处科技 管理层合作风险复核,B,官网,https://www.deeprobotics.cn/en/,unknown,2026-05-26,管理层合作风险复核,高,生成时纳入公开来源清单；正式决策前需重新打开原链接复核。
云深处科技,云深处科技 未来 12 个月跟踪指标复核,B,官网,https://www.deeprobotics.cn/en/,unknown,2026-05-26,未来 12 个月跟踪指标复核,高,生成时纳入公开来源清单；正式决策前需重新打开原链接复核。
云深处科技,云深处科技 与同类公司横向对照复核,B,官网,https://www.deeprobotics.cn/en/,unknown,2026-05-26,与同类公司横向对照复核,高,生成时纳入公开来源清单；正式决策前需重新打开原链接复核。
云鲸智能,云鲸智能 公司库主来源,B,官网,https://www.narwal.com/,unknown,2026-05-26,公司定位、产品线、场景与部署状态基础事实,中,生成时纳入公开来源清单；正式决策前需重新打开原链接复核。
云鲸智能,云鲸智能 落地案例来源,B,案例资料,https://www.narwal.com/,unknown,2026-05-26,客户、场景、付费和持续运营证据,中,生成时纳入公开来源清单；正式决策前需重新打开原链接复核。
云鲸智能,云鲸智能 来源索引补充,B,来源索引,https://www.narwal.com/,unknown,2026-05-26,云鲸智能,中,生成时纳入公开来源清单；正式决策前需重新打开原链接复核。
云鲸智能,云鲸智能 公司基本定位复核,B,官网,https://www.narwal.com/,unknown,2026-05-26,公司基本定位复核,中,生成时纳入公开来源清单；正式决策前需重新打开原链接复核。
云鲸智能,云鲸智能 核心产品与形态复核,B,官网,https://www.narwal.com/,unknown,2026-05-26,核心产品与形态复核,中,生成时纳入公开来源清单；正式决策前需重新打开原链接复核。
云鲸智能,云鲸智能 目标场景与客户类型复核,B,官网,https://www.narwal.com/,unknown,2026-05-26,目标场景与客户类型复核,中,生成时纳入公开来源清单；正式决策前需重新打开原链接复核。
云鲸智能,云鲸智能 技术路线和软件栈复核,B,官网,https://www.narwal.com/,unknown,2026-05-26,技术路线和软件栈复核,中,生成时纳入公开来源清单；正式决策前需重新打开原链接复核。
云鲸智能,云鲸智能 商业化阶段复核,B,官网,https://www.narwal.com/,unknown,2026-05-26,商业化阶段复核,中,生成时纳入公开来源清单；正式决策前需重新打开原链接复核。
仙工智能,仙工智能 公司库主来源,B,官网,https://www.seer-group.com/,unknown,2026-05-26,公司定位、产品线、场景与部署状态基础事实,中,生成时纳入公开来源清单；正式决策前需重新打开原链接复核。
仙工智能,仙工智能 来源索引补充,B,来源索引,https://www.seer-group.com/,unknown,2026-05-26,仙工智能/仙知机器人,中,生成时纳入公开来源清单；正式决策前需重新打开原链接复核。
仙工智能,仙工智能 公司基本定位复核,B,官网,https://www.seer-group.com/,unknown,2026-05-26,公司基本定位复核,中,生成时纳入公开来源清单；正式决策前需重新打开原链接复核。
仙工智能,仙工智能 核心产品与形态复核,B,官网,https://www.seer-group.com/,unknown,2026-05-26,核心产品与形态复核,中,生成时纳入公开来源清单；正式决策前需重新打开原链接复核。
仙工智能,仙工智能 目标场景与客户类型复核,B,官网,https://www.seer-group.com/,unknown,2026-05-26,目标场景与客户类型复核,中,生成时纳入公开来源清单；正式决策前需重新打开原链接复核。
仙工智能,仙工智能 技术路线和软件栈复核,B,官网,https://www.seer-group.com/,unknown,2026-05-26,技术路线和软件栈复核,中,生成时纳入公开来源清单；正式决策前需重新打开原链接复核。
仙工智能,仙工智能 商业化阶段复核,B,官网,https://www.seer-group.com/,unknown,2026-05-26,商业化阶段复核,中,生成时纳入公开来源清单；正式决策前需重新打开原链接复核。
仙工智能,仙工智能 量产、交付和收入边界复核,B,官网,https://www.seer-group.com/,unknown,2026-05-26,量产、交付和收入边界复核,中,生成时纳入公开来源清单；正式决策前需重新打开原链接复核。
仙知机器人,仙知机器人 公司库主来源,B,官网,https://www.seer-group.com/,unknown,2026-05-26,公司定位、产品线、场景与部署状态基础事实,中,生成时纳入公开来源清单；正式决策前需重新打开原链接复核。
仙知机器人,仙知机器人 来源索引补充,B,来源索引,https://www.seer-group.com/,unknown,2026-05-26,仙工智能/仙知机器人,中,生成时纳入公开来源清单；正式决策前需重新打开原链接复核。
仙知机器人,仙知机器人 公司基本定位复核,B,官网,https://www.seer-group.com/,unknown,2026-05-26,公司基本定位复核,中,生成时纳入公开来源清单；正式决策前需重新打开原链接复核。
仙知机器人,仙知机器人 核心产品与形态复核,B,官网,https://www.seer-group.com/,unknown,2026-05-26,核心产品与形态复核,中,生成时纳入公开来源清单；正式决策前需重新打开原链接复核。
仙知机器人,仙知机器人 目标场景与客户类型复核,B,官网,https://www.seer-group.com/,unknown,2026-05-26,目标场景与客户类型复核,中,生成时纳入公开来源清单；正式决策前需重新打开原链接复核。
仙知机器人,仙知机器人 技术路线和软件栈复核,B,官网,https://www.seer-group.com/,unknown,2026-05-26,技术路线和软件栈复核,中,生成时纳入公开来源清单；正式决策前需重新打开原链接复核。
仙知机器人,仙知机器人 商业化阶段复核,B,官网,https://www.seer-group.com/,unknown,2026-05-26,商业化阶段复核,中,生成时纳入公开来源清单；正式决策前需重新打开原链接复核。
仙知机器人,仙知机器人 量产、交付和收入边界复核,B,官网,https://www.seer-group.com/,unknown,2026-05-26,量产、交付和收入边界复核,中,生成时纳入公开来源清单；正式决策前需重新打开原链接复核。
众擎机器人/EngineAI,众擎机器人/EngineAI 公司库主来源,B,官网产品页,https://en.engineai.com.cn/about-process-sa01.html,unknown,2026-05-26,公司定位、产品线、场景与部署状态基础事实,中,生成时纳入公开来源清单；正式决策前需重新打开原链接复核。
众擎机器人/EngineAI,众擎机器人/EngineAI 产品库来源,B,官网产品页,https://en.engineai.com.cn/about-process-sa01.html,unknown,2026-05-26,产品矩阵、参数和生产状态,中,生成时纳入公开来源清单；正式决策前需重新打开原链接复核。
众擎机器人/EngineAI,众擎机器人/EngineAI 来源索引补充,B,来源索引,https://en.engineai.com.cn/about-process-sa01.html,unknown,2026-05-26,众擎机器人产品页,中,生成时纳入公开来源清单；正式决策前需重新打开原链接复核。
众擎机器人/EngineAI,EngineAI 官网产品页,B,官网产品页,https://en.engineai.com.cn/about-process-sa01.html,unknown,2026-05-26,EngineAI 官网产品页,中,生成时纳入公开来源清单；正式决策前需重新打开原链接复核。
众擎机器人/EngineAI,EngineAI 门店页,B,官网,https://en.engineai.com.cn/store.html,unknown,2026-05-26,EngineAI 门店页,中,生成时纳入公开来源清单；正式决策前需重新打开原链接复核。
众擎机器人/EngineAI,EngineAI T800 CES 报道,C,媒体,https://theaiinsider.tech/2026/01/07/engineai-robotics-technology-introduces-the-t800-humanoid-robot-at-ces-2026/,unknown,2026-05-26,EngineAI T800 CES 报道,中,生成时纳入公开来源清单；正式决策前需重新打开原链接复核。
众擎机器人/EngineAI,EngineAI T800 产品资料,C,产品资料,https://ui44.com/robots/engineai-t800,unknown,2026-05-26,EngineAI T800 产品资料,中,生成时纳入公开来源清单；正式决策前需重新打开原链接复核。
众擎机器人/EngineAI,众擎机器人/EngineAI 公司基本定位复核,B,官网产品页,https://en.engineai.com.cn/about-process-sa01.html,unknown,2026-05-26,公司基本定位复核,中,生成时纳入公开来源清单；正式决策前需重新打开原链接复核。
众擎机器人/EngineAI,众擎机器人/EngineAI 核心产品与形态复核,B,官网产品页,https://en.engineai.com.cn/about-process-sa01.html,unknown,2026-05-26,核心产品与形态复核,中,生成时纳入公开来源清单；正式决策前需重新打开原链接复核。
众擎机器人/EngineAI,众擎机器人/EngineAI 目标场景与客户类型复核,B,官网产品页,https://en.engineai.com.cn/about-process-sa01.html,unknown,2026-05-26,目标场景与客户类型复核,中,生成时纳入公开来源清单；正式决策前需重新打开原链接复核。
众擎机器人/EngineAI,众擎机器人/EngineAI 技术路线和软件栈复核,B,官网产品页,https://en.engineai.com.cn/about-process-sa01.html,unknown,2026-05-26,技术路线和软件栈复核,中,生成时纳入公开来源清单；正式决策前需重新打开原链接复核。
众擎机器人/EngineAI,众擎机器人/EngineAI 商业化阶段复核,B,官网产品页,https://en.engineai.com.cn/about-process-sa01.html,unknown,2026-05-26,商业化阶段复核,中,生成时纳入公开来源清单；正式决策前需重新打开原链接复核。
众擎机器人/EngineAI,众擎机器人/EngineAI 量产、交付和收入边界复核,B,官网产品页,https://en.engineai.com.cn/about-process-sa01.html,unknown,2026-05-26,量产、交付和收入边界复核,中,生成时纳入公开来源清单；正式决策前需重新打开原链接复核。
众擎机器人/EngineAI,众擎机器人/EngineAI 供应链和关键零部件复核,B,官网产品页,https://en.engineai.com.cn/about-process-sa01.html,unknown,2026-05-26,供应链和关键零部件复核,中,生成时纳入公开来源清单；正式决策前需重新打开原链接复核。
众擎机器人/EngineAI,众擎机器人/EngineAI 管理层合作风险复核,B,官网产品页,https://en.engineai.com.cn/about-process-sa01.html,unknown,2026-05-26,管理层合作风险复核,中,生成时纳入公开来源清单；正式决策前需重新打开原链接复核。
众擎机器人/EngineAI,众擎机器人/EngineAI 未来 12 个月跟踪指标复核,B,官网产品页,https://en.engineai.com.cn/about-process-sa01.html,unknown,2026-05-26,未来 12 个月跟踪指标复核,中,生成时纳入公开来源清单；正式决策前需重新打开原链接复核。
众擎机器人/EngineAI,众擎机器人/EngineAI 与同类公司横向对照复核,B,官网产品页,https://en.engineai.com.cn/about-process-sa01.html,unknown,2026-05-26,与同类公司横向对照复核,中,生成时纳入公开来源清单；正式决策前需重新打开原链接复核。
众擎机器人/EngineAI,众擎机器人/EngineAI 公司基本定位复核,B,官网产品页,https://en.engineai.com.cn/about-process-sa01.html,unknown,2026-05-26,公司基本定位复核,中,生成时纳入公开来源清单；正式决策前需重新打开原链接复核。
众擎机器人/EngineAI,众擎机器人/EngineAI 核心产品与形态复核,B,官网产品页,https://en.engineai.com.cn/about-process-sa01.html,unknown,2026-05-26,核心产品与形态复核,中,生成时纳入公开来源清单；正式决策前需重新打开原链接复核。
众擎机器人/EngineAI,众擎机器人/EngineAI 目标场景与客户类型复核,B,官网产品页,https://en.engineai.com.cn/about-process-sa01.html,unknown,2026-05-26,目标场景与客户类型复核,中,生成时纳入公开来源清单；正式决策前需重新打开原链接复核。
众擎机器人/EngineAI,众擎机器人/EngineAI 技术路线和软件栈复核,B,官网产品页,https://en.engineai.com.cn/about-process-sa01.html,unknown,2026-05-26,技术路线和软件栈复核,中,生成时纳入公开来源清单；正式决策前需重新打开原链接复核。
众擎机器人/EngineAI,众擎机器人/EngineAI 商业化阶段复核,B,官网产品页,https://en.engineai.com.cn/about-process-sa01.html,unknown,2026-05-26,商业化阶段复核,中,生成时纳入公开来源清单；正式决策前需重新打开原链接复核。
众擎机器人/EngineAI,众擎机器人/EngineAI 量产、交付和收入边界复核,B,官网产品页,https://en.engineai.com.cn/about-process-sa01.html,unknown,2026-05-26,量产、交付和收入边界复核,中,生成时纳入公开来源清单；正式决策前需重新打开原链接复核。
众擎机器人/EngineAI,众擎机器人/EngineAI 供应链和关键零部件复核,B,官网产品页,https://en.engineai.com.cn/about-process-sa01.html,unknown,2026-05-26,供应链和关键零部件复核,中,生成时纳入公开来源清单；正式决策前需重新打开原链接复核。
众擎机器人/EngineAI,众擎机器人/EngineAI 管理层合作风险复核,B,官网产品页,https://en.engineai.com.cn/about-process-sa01.html,unknown,2026-05-26,管理层合作风险复核,中,生成时纳入公开来源清单；正式决策前需重新打开原链接复核。
众擎机器人/EngineAI,众擎机器人/EngineAI 未来 12 个月跟踪指标复核,B,官网产品页,https://en.engineai.com.cn/about-process-sa01.html,unknown,2026-05-26,未来 12 个月跟踪指标复核,中,生成时纳入公开来源清单；正式决策前需重新打开原链接复核。
众擎机器人/EngineAI,众擎机器人/EngineAI 与同类公司横向对照复核,B,官网产品页,https://en.engineai.com.cn/about-process-sa01.html,unknown,2026-05-26,与同类公司横向对照复核,中,生成时纳入公开来源清单；正式决策前需重新打开原链接复核。
众擎机器人/EngineAI,众擎机器人/EngineAI 公司基本定位复核,B,官网产品页,https://en.engineai.com.cn/about-process-sa01.html,unknown,2026-05-26,公司基本定位复核,中,生成时纳入公开来源清单；正式决策前需重新打开原链接复核。
众擎机器人/EngineAI,众擎机器人/EngineAI 核心产品与形态复核,B,官网产品页,https://en.engineai.com.cn/about-process-sa01.html,unknown,2026-05-26,核心产品与形态复核,中,生成时纳入公开来源清单；正式决策前需重新打开原链接复核。
众擎机器人/EngineAI,众擎机器人/EngineAI 目标场景与客户类型复核,B,官网产品页,https://en.engineai.com.cn/about-process-sa01.html,unknown,2026-05-26,目标场景与客户类型复核,中,生成时纳入公开来源清单；正式决策前需重新打开原链接复核。
优必选,优必选 公司库主来源,A,中期报告,https://owebsite-cdn.ubtrobot.com/resources/file/2025/09/16/720367161532485.pdf,unknown,2026-05-26,公司定位、产品线、场景与部署状态基础事实,高,生成时纳入公开来源清单；正式决策前需重新打开原链接复核。
优必选,优必选 产品库来源,A,中期报告,https://owebsite-cdn.ubtrobot.com/resources/file/2025/09/16/720367161532485.pdf,unknown,2026-05-26,产品矩阵、参数和生产状态,中,生成时纳入公开来源清单；正式决策前需重新打开原链接复核。
优必选,优必选 落地案例来源,A,案例资料,https://owebsite-cdn.ubtrobot.com/resources/file/2025/09/16/720367161532485.pdf,unknown,2026-05-26,客户、场景、付费和持续运营证据,中,生成时纳入公开来源清单；正式决策前需重新打开原链接复核。
优必选,优必选 来源索引补充,B,来源索引,https://owebsite-cdn.ubtrobot.com/resources/file/2025/09/16/720367161532485.pdf,unknown,2026-05-26,优必选 2025 中期报告与 Walker S 系列工业进展,中,生成时纳入公开来源清单；正式决策前需重新打开原链接复核。
优必选,优必选 2025 中期报告,A,中期报告,https://owebsite-cdn.ubtrobot.com/resources/file/2025/09/16/720367161532485.pdf,unknown,2026-05-26,优必选 2025 中期报告,中,生成时纳入公开来源清单；正式决策前需重新打开原链接复核。
优必选,优必选官网,B,官网,https://www.ubtrobot.com/,unknown,2026-05-26,优必选官网,中,生成时纳入公开来源清单；正式决策前需重新打开原链接复核。
优必选,Walker S2 量产交付新闻,B,官方新闻稿,https://www.prnewswire.com/apac/news-releases/ubtech-humanoid-robot-walker-s2-begins-mass-production-and-delivery-with-orders-exceeding-800-million-yuan-302616942.html,unknown,2026-05-26,Walker S2 量产交付新闻,中,生成时纳入公开来源清单；正式决策前需重新打开原链接复核。
优必选,优必选投资者关系,A,上市公司资料,https://www.ubtrobot.com/en/ir,unknown,2026-05-26,优必选投资者关系,中,生成时纳入公开来源清单；正式决策前需重新打开原链接复核。
优必选,优必选 公司基本定位复核,A,中期报告,https://owebsite-cdn.ubtrobot.com/resources/file/2025/09/16/720367161532485.pdf,unknown,2026-05-26,公司基本定位复核,高,生成时纳入公开来源清单；正式决策前需重新打开原链接复核。
优必选,优必选 核心产品与形态复核,A,中期报告,https://owebsite-cdn.ubtrobot.com/resources/file/2025/09/16/720367161532485.pdf,unknown,2026-05-26,核心产品与形态复核,高,生成时纳入公开来源清单；正式决策前需重新打开原链接复核。
优必选,优必选 目标场景与客户类型复核,A,中期报告,https://owebsite-cdn.ubtrobot.com/resources/file/2025/09/16/720367161532485.pdf,unknown,2026-05-26,目标场景与客户类型复核,高,生成时纳入公开来源清单；正式决策前需重新打开原链接复核。
优必选,优必选 技术路线和软件栈复核,A,中期报告,https://owebsite-cdn.ubtrobot.com/resources/file/2025/09/16/720367161532485.pdf,unknown,2026-05-26,技术路线和软件栈复核,高,生成时纳入公开来源清单；正式决策前需重新打开原链接复核。
优必选,优必选 商业化阶段复核,A,中期报告,https://owebsite-cdn.ubtrobot.com/resources/file/2025/09/16/720367161532485.pdf,unknown,2026-05-26,商业化阶段复核,高,生成时纳入公开来源清单；正式决策前需重新打开原链接复核。
优必选,优必选 量产、交付和收入边界复核,A,中期报告,https://owebsite-cdn.ubtrobot.com/resources/file/2025/09/16/720367161532485.pdf,unknown,2026-05-26,量产、交付和收入边界复核,高,生成时纳入公开来源清单；正式决策前需重新打开原链接复核。
优必选,优必选 供应链和关键零部件复核,A,中期报告,https://owebsite-cdn.ubtrobot.com/resources/file/2025/09/16/720367161532485.pdf,unknown,2026-05-26,供应链和关键零部件复核,高,生成时纳入公开来源清单；正式决策前需重新打开原链接复核。
优必选,优必选 管理层合作风险复核,A,中期报告,https://owebsite-cdn.ubtrobot.com/resources/file/2025/09/16/720367161532485.pdf,unknown,2026-05-26,管理层合作风险复核,高,生成时纳入公开来源清单；正式决策前需重新打开原链接复核。
优必选,优必选 未来 12 个月跟踪指标复核,A,中期报告,https://owebsite-cdn.ubtrobot.com/resources/file/2025/09/16/720367161532485.pdf,unknown,2026-05-26,未来 12 个月跟踪指标复核,高,生成时纳入公开来源清单；正式决策前需重新打开原链接复核。
优必选,优必选 与同类公司横向对照复核,A,中期报告,https://owebsite-cdn.ubtrobot.com/resources/file/2025/09/16/720367161532485.pdf,unknown,2026-05-26,与同类公司横向对照复核,高,生成时纳入公开来源清单；正式决策前需重新打开原链接复核。
优必选,优必选 公司基本定位复核,A,中期报告,https://owebsite-cdn.ubtrobot.com/resources/file/2025/09/16/720367161532485.pdf,unknown,2026-05-26,公司基本定位复核,高,生成时纳入公开来源清单；正式决策前需重新打开原链接复核。
优必选,优必选 核心产品与形态复核,A,中期报告,https://owebsite-cdn.ubtrobot.com/resources/file/2025/09/16/720367161532485.pdf,unknown,2026-05-26,核心产品与形态复核,高,生成时纳入公开来源清单；正式决策前需重新打开原链接复核。
优必选,优必选 目标场景与客户类型复核,A,中期报告,https://owebsite-cdn.ubtrobot.com/resources/file/2025/09/16/720367161532485.pdf,unknown,2026-05-26,目标场景与客户类型复核,高,生成时纳入公开来源清单；正式决策前需重新打开原链接复核。
优必选,优必选 技术路线和软件栈复核,A,中期报告,https://owebsite-cdn.ubtrobot.com/resources/file/2025/09/16/720367161532485.pdf,unknown,2026-05-26,技术路线和软件栈复核,高,生成时纳入公开来源清单；正式决策前需重新打开原链接复核。
优必选,优必选 商业化阶段复核,A,中期报告,https://owebsite-cdn.ubtrobot.com/resources/file/2025/09/16/720367161532485.pdf,unknown,2026-05-26,商业化阶段复核,高,生成时纳入公开来源清单；正式决策前需重新打开原链接复核。
优必选,优必选 量产、交付和收入边界复核,A,中期报告,https://owebsite-cdn.ubtrobot.com/resources/file/2025/09/16/720367161532485.pdf,unknown,2026-05-26,量产、交付和收入边界复核,高,生成时纳入公开来源清单；正式决策前需重新打开原链接复核。
优必选,优必选 供应链和关键零部件复核,A,中期报告,https://owebsite-cdn.ubtrobot.com/resources/file/2025/09/16/720367161532485.pdf,unknown,2026-05-26,供应链和关键零部件复核,高,生成时纳入公开来源清单；正式决策前需重新打开原链接复核。
优必选,优必选 管理层合作风险复核,A,中期报告,https://owebsite-cdn.ubtrobot.com/resources/file/2025/09/16/720367161532485.pdf,unknown,2026-05-26,管理层合作风险复核,高,生成时纳入公开来源清单；正式决策前需重新打开原链接复核。
优必选,优必选 未来 12 个月跟踪指标复核,A,中期报告,https://owebsite-cdn.ubtrobot.com/resources/file/2025/09/16/720367161532485.pdf,unknown,2026-05-26,未来 12 个月跟踪指标复核,高,生成时纳入公开来源清单；正式决策前需重新打开原链接复核。
优必选,优必选 与同类公司横向对照复核,A,中期报告,https://owebsite-cdn.ubtrobot.com/resources/file/2025/09/16/720367161532485.pdf,unknown,2026-05-26,与同类公司横向对照复核,高,生成时纳入公开来源清单；正式决策前需重新打开原链接复核。
优必选,优必选 公司基本定位复核,A,中期报告,https://owebsite-cdn.ubtrobot.com/resources/file/2025/09/16/720367161532485.pdf,unknown,2026-05-26,公司基本定位复核,高,生成时纳入公开来源清单；正式决策前需重新打开原链接复核。
优必选,优必选 核心产品与形态复核,A,中期报告,https://owebsite-cdn.ubtrobot.com/resources/file/2025/09/16/720367161532485.pdf,unknown,2026-05-26,核心产品与形态复核,高,生成时纳入公开来源清单；正式决策前需重新打开原链接复核。
优必选教育/服务生态,优必选教育/服务生态 公司库主来源,A,中期报告,https://owebsite-cdn.ubtrobot.com/resources/file/2025/09/16/720367161532485.pdf,unknown,2026-05-26,公司定位、产品线、场景与部署状态基础事实,中,生成时纳入公开来源清单；正式决策前需重新打开原链接复核。
优必选教育/服务生态,优必选教育/服务生态 公司基本定位复核,A,中期报告,https://owebsite-cdn.ubtrobot.com/resources/file/2025/09/16/720367161532485.pdf,unknown,2026-05-26,公司基本定位复核,中,生成时纳入公开来源清单；正式决策前需重新打开原链接复核。
优必选教育/服务生态,优必选教育/服务生态 核心产品与形态复核,A,中期报告,https://owebsite-cdn.ubtrobot.com/resources/file/2025/09/16/720367161532485.pdf,unknown,2026-05-26,核心产品与形态复核,中,生成时纳入公开来源清单；正式决策前需重新打开原链接复核。
优必选教育/服务生态,优必选教育/服务生态 目标场景与客户类型复核,A,中期报告,https://owebsite-cdn.ubtrobot.com/resources/file/2025/09/16/720367161532485.pdf,unknown,2026-05-26,目标场景与客户类型复核,中,生成时纳入公开来源清单；正式决策前需重新打开原链接复核。
优必选教育/服务生态,优必选教育/服务生态 技术路线和软件栈复核,A,中期报告,https://owebsite-cdn.ubtrobot.com/resources/file/2025/09/16/720367161532485.pdf,unknown,2026-05-26,技术路线和软件栈复核,中,生成时纳入公开来源清单；正式决策前需重新打开原链接复核。
优必选教育/服务生态,优必选教育/服务生态 商业化阶段复核,A,中期报告,https://owebsite-cdn.ubtrobot.com/resources/file/2025/09/16/720367161532485.pdf,unknown,2026-05-26,商业化阶段复核,中,生成时纳入公开来源清单；正式决策前需重新打开原链接复核。
优必选教育/服务生态,优必选教育/服务生态 量产、交付和收入边界复核,A,中期报告,https://owebsite-cdn.ubtrobot.com/resources/file/2025/09/16/720367161532485.pdf,unknown,2026-05-26,量产、交付和收入边界复核,中,生成时纳入公开来源清单；正式决策前需重新打开原链接复核。
优必选教育/服务生态,优必选教育/服务生态 供应链和关键零部件复核,A,中期报告,https://owebsite-cdn.ubtrobot.com/resources/file/2025/09/16/720367161532485.pdf,unknown,2026-05-26,供应链和关键零部件复核,中,生成时纳入公开来源清单；正式决策前需重新打开原链接复核。
优艾智合,优艾智合 公司库主来源,B,官网,https://en.youibot.com/home,unknown,2026-05-26,公司定位、产品线、场景与部署状态基础事实,中,生成时纳入公开来源清单；正式决策前需重新打开原链接复核。
优艾智合,优艾智合 来源索引补充,B,来源索引,https://en.youibot.com/home,unknown,2026-05-26,优艾智合 AMR 与巡检解决方案,中,生成时纳入公开来源清单；正式决策前需重新打开原链接复核。
优艾智合,优艾智合 公司基本定位复核,B,官网,https://en.youibot.com/home,unknown,2026-05-26,公司基本定位复核,中,生成时纳入公开来源清单；正式决策前需重新打开原链接复核。
优艾智合,优艾智合 核心产品与形态复核,B,官网,https://en.youibot.com/home,unknown,2026-05-26,核心产品与形态复核,中,生成时纳入公开来源清单；正式决策前需重新打开原链接复核。
优艾智合,优艾智合 目标场景与客户类型复核,B,官网,https://en.youibot.com/home,unknown,2026-05-26,目标场景与客户类型复核,中,生成时纳入公开来源清单；正式决策前需重新打开原链接复核。
优艾智合,优艾智合 技术路线和软件栈复核,B,官网,https://en.youibot.com/home,unknown,2026-05-26,技术路线和软件栈复核,中,生成时纳入公开来源清单；正式决策前需重新打开原链接复核。
优艾智合,优艾智合 商业化阶段复核,B,官网,https://en.youibot.com/home,unknown,2026-05-26,商业化阶段复核,中,生成时纳入公开来源清单；正式决策前需重新打开原链接复核。
优艾智合,优艾智合 量产、交付和收入边界复核,B,官网,https://en.youibot.com/home,unknown,2026-05-26,量产、交付和收入边界复核,中,生成时纳入公开来源清单；正式决策前需重新打开原链接复核。
傅利叶智能,傅利叶智能 公司库主来源,B,官方新闻稿,https://www.prnewswire.com/news-releases/fourier-unveils-the-next-generation-humanoid-robot-gr-2-302262068.html,unknown,2026-05-26,公司定位、产品线、场景与部署状态基础事实,中,生成时纳入公开来源清单；正式决策前需重新打开原链接复核。
傅利叶智能,傅利叶智能 产品库来源,B,官方新闻稿,https://www.prnewswire.com/news-releases/fourier-unveils-the-next-generation-humanoid-robot-gr-2-302262068.html,unknown,2026-05-26,产品矩阵、参数和生产状态,中,生成时纳入公开来源清单；正式决策前需重新打开原链接复核。
傅利叶智能,傅利叶智能 落地案例来源,B,案例资料,https://www.prnewswire.com/news-releases/fourier-unveils-the-next-generation-humanoid-robot-gr-2-302262068.html,unknown,2026-05-26,客户、场景、付费和持续运营证据,中,生成时纳入公开来源清单；正式决策前需重新打开原链接复核。
傅利叶智能,GR-2 官方新闻稿,B,官方新闻稿,https://www.prnewswire.com/news-releases/fourier-unveils-the-next-generation-humanoid-robot-gr-2-302262068.html,unknown,2026-05-26,GR-2 官方新闻稿,中,生成时纳入公开来源清单；正式决策前需重新打开原链接复核。
傅利叶智能,Fourier Intelligence 官网,B,官网,https://www.fftai.com/,unknown,2026-05-26,Fourier Intelligence 官网,中,生成时纳入公开来源清单；正式决策前需重新打开原链接复核。
傅利叶智能,Fourier GR-2 产品资料,C,产品资料,https://botinfo.ai/articles/fourier-humanoid-robots,unknown,2026-05-26,Fourier GR-2 产品资料,中,生成时纳入公开来源清单；正式决策前需重新打开原链接复核。
傅利叶智能,Fourier 公司资料,C,百科资料,https://en.wikipedia.org/wiki/Fourier_%28company%29,unknown,2026-05-26,Fourier 公司资料,中,生成时纳入公开来源清单；正式决策前需重新打开原链接复核。
傅利叶智能,傅利叶智能 公司基本定位复核,B,官方新闻稿,https://www.prnewswire.com/news-releases/fourier-unveils-the-next-generation-humanoid-robot-gr-2-302262068.html,unknown,2026-05-26,公司基本定位复核,中,生成时纳入公开来源清单；正式决策前需重新打开原链接复核。
傅利叶智能,傅利叶智能 核心产品与形态复核,B,官方新闻稿,https://www.prnewswire.com/news-releases/fourier-unveils-the-next-generation-humanoid-robot-gr-2-302262068.html,unknown,2026-05-26,核心产品与形态复核,中,生成时纳入公开来源清单；正式决策前需重新打开原链接复核。
傅利叶智能,傅利叶智能 目标场景与客户类型复核,B,官方新闻稿,https://www.prnewswire.com/news-releases/fourier-unveils-the-next-generation-humanoid-robot-gr-2-302262068.html,unknown,2026-05-26,目标场景与客户类型复核,中,生成时纳入公开来源清单；正式决策前需重新打开原链接复核。
傅利叶智能,傅利叶智能 技术路线和软件栈复核,B,官方新闻稿,https://www.prnewswire.com/news-releases/fourier-unveils-the-next-generation-humanoid-robot-gr-2-302262068.html,unknown,2026-05-26,技术路线和软件栈复核,中,生成时纳入公开来源清单；正式决策前需重新打开原链接复核。
傅利叶智能,傅利叶智能 商业化阶段复核,B,官方新闻稿,https://www.prnewswire.com/news-releases/fourier-unveils-the-next-generation-humanoid-robot-gr-2-302262068.html,unknown,2026-05-26,商业化阶段复核,中,生成时纳入公开来源清单；正式决策前需重新打开原链接复核。
傅利叶智能,傅利叶智能 量产、交付和收入边界复核,B,官方新闻稿,https://www.prnewswire.com/news-releases/fourier-unveils-the-next-generation-humanoid-robot-gr-2-302262068.html,unknown,2026-05-26,量产、交付和收入边界复核,中,生成时纳入公开来源清单；正式决策前需重新打开原链接复核。
傅利叶智能,傅利叶智能 供应链和关键零部件复核,B,官方新闻稿,https://www.prnewswire.com/news-releases/fourier-unveils-the-next-generation-humanoid-robot-gr-2-302262068.html,unknown,2026-05-26,供应链和关键零部件复核,中,生成时纳入公开来源清单；正式决策前需重新打开原链接复核。
傅利叶智能,傅利叶智能 管理层合作风险复核,B,官方新闻稿,https://www.prnewswire.com/news-releases/fourier-unveils-the-next-generation-humanoid-robot-gr-2-302262068.html,unknown,2026-05-26,管理层合作风险复核,中,生成时纳入公开来源清单；正式决策前需重新打开原链接复核。
傅利叶智能,傅利叶智能 未来 12 个月跟踪指标复核,B,官方新闻稿,https://www.prnewswire.com/news-releases/fourier-unveils-the-next-generation-humanoid-robot-gr-2-302262068.html,unknown,2026-05-26,未来 12 个月跟踪指标复核,中,生成时纳入公开来源清单；正式决策前需重新打开原链接复核。
傅利叶智能,傅利叶智能 与同类公司横向对照复核,B,官方新闻稿,https://www.prnewswire.com/news-releases/fourier-unveils-the-next-generation-humanoid-robot-gr-2-302262068.html,unknown,2026-05-26,与同类公司横向对照复核,中,生成时纳入公开来源清单；正式决策前需重新打开原链接复核。
傅利叶智能,傅利叶智能 公司基本定位复核,B,官方新闻稿,https://www.prnewswire.com/news-releases/fourier-unveils-the-next-generation-humanoid-robot-gr-2-302262068.html,unknown,2026-05-26,公司基本定位复核,中,生成时纳入公开来源清单；正式决策前需重新打开原链接复核。
傅利叶智能,傅利叶智能 核心产品与形态复核,B,官方新闻稿,https://www.prnewswire.com/news-releases/fourier-unveils-the-next-generation-humanoid-robot-gr-2-302262068.html,unknown,2026-05-26,核心产品与形态复核,中,生成时纳入公开来源清单；正式决策前需重新打开原链接复核。
傅利叶智能,傅利叶智能 目标场景与客户类型复核,B,官方新闻稿,https://www.prnewswire.com/news-releases/fourier-unveils-the-next-generation-humanoid-robot-gr-2-302262068.html,unknown,2026-05-26,目标场景与客户类型复核,中,生成时纳入公开来源清单；正式决策前需重新打开原链接复核。
傅利叶智能,傅利叶智能 技术路线和软件栈复核,B,官方新闻稿,https://www.prnewswire.com/news-releases/fourier-unveils-the-next-generation-humanoid-robot-gr-2-302262068.html,unknown,2026-05-26,技术路线和软件栈复核,中,生成时纳入公开来源清单；正式决策前需重新打开原链接复核。
傅利叶智能,傅利叶智能 商业化阶段复核,B,官方新闻稿,https://www.prnewswire.com/news-releases/fourier-unveils-the-next-generation-humanoid-robot-gr-2-302262068.html,unknown,2026-05-26,商业化阶段复核,中,生成时纳入公开来源清单；正式决策前需重新打开原链接复核。
傅利叶智能,傅利叶智能 量产、交付和收入边界复核,B,官方新闻稿,https://www.prnewswire.com/news-releases/fourier-unveils-the-next-generation-humanoid-robot-gr-2-302262068.html,unknown,2026-05-26,量产、交付和收入边界复核,中,生成时纳入公开来源清单；正式决策前需重新打开原链接复核。
傅利叶智能,傅利叶智能 供应链和关键零部件复核,B,官方新闻稿,https://www.prnewswire.com/news-releases/fourier-unveils-the-next-generation-humanoid-robot-gr-2-302262068.html,unknown,2026-05-26,供应链和关键零部件复核,中,生成时纳入公开来源清单；正式决策前需重新打开原链接复核。
傅利叶智能,傅利叶智能 管理层合作风险复核,B,官方新闻稿,https://www.prnewswire.com/news-releases/fourier-unveils-the-next-generation-humanoid-robot-gr-2-302262068.html,unknown,2026-05-26,管理层合作风险复核,中,生成时纳入公开来源清单；正式决策前需重新打开原链接复核。
傅利叶智能,傅利叶智能 未来 12 个月跟踪指标复核,B,官方新闻稿,https://www.prnewswire.com/news-releases/fourier-unveils-the-next-generation-humanoid-robot-gr-2-302262068.html,unknown,2026-05-26,未来 12 个月跟踪指标复核,中,生成时纳入公开来源清单；正式决策前需重新打开原链接复核。
傅利叶智能,傅利叶智能 与同类公司横向对照复核,B,官方新闻稿,https://www.prnewswire.com/news-releases/fourier-unveils-the-next-generation-humanoid-robot-gr-2-302262068.html,unknown,2026-05-26,与同类公司横向对照复核,中,生成时纳入公开来源清单；正式决策前需重新打开原链接复核。
傅利叶智能,傅利叶智能 公司基本定位复核,B,官方新闻稿,https://www.prnewswire.com/news-releases/fourier-unveils-the-next-generation-humanoid-robot-gr-2-302262068.html,unknown,2026-05-26,公司基本定位复核,中,生成时纳入公开来源清单；正式决策前需重新打开原链接复核。
傅利叶智能,傅利叶智能 核心产品与形态复核,B,官方新闻稿,https://www.prnewswire.com/news-releases/fourier-unveils-the-next-generation-humanoid-robot-gr-2-302262068.html,unknown,2026-05-26,核心产品与形态复核,中,生成时纳入公开来源清单；正式决策前需重新打开原链接复核。
傅利叶智能,傅利叶智能 目标场景与客户类型复核,B,官方新闻稿,https://www.prnewswire.com/news-releases/fourier-unveils-the-next-generation-humanoid-robot-gr-2-302262068.html,unknown,2026-05-26,目标场景与客户类型复核,中,生成时纳入公开来源清单；正式决策前需重新打开原链接复核。
兆威机电,兆威机电 公司库主来源,A,官网/上市公司,https://www.zwgearbox.com/,unknown,2026-05-26,公司定位、产品线、场景与部署状态基础事实,中,生成时纳入公开来源清单；正式决策前需重新打开原链接复核。
兆威机电,兆威机电 来源索引补充,B,来源索引,https://www.zwgearbox.com/,unknown,2026-05-26,兆威机电,中,生成时纳入公开来源清单；正式决策前需重新打开原链接复核。
兆威机电,兆威机电 公司基本定位复核,A,官网/上市公司,https://www.zwgearbox.com/,unknown,2026-05-26,公司基本定位复核,中,生成时纳入公开来源清单；正式决策前需重新打开原链接复核。
兆威机电,兆威机电 核心产品与形态复核,A,官网/上市公司,https://www.zwgearbox.com/,unknown,2026-05-26,核心产品与形态复核,中,生成时纳入公开来源清单；正式决策前需重新打开原链接复核。
兆威机电,兆威机电 目标场景与客户类型复核,A,官网/上市公司,https://www.zwgearbox.com/,unknown,2026-05-26,目标场景与客户类型复核,中,生成时纳入公开来源清单；正式决策前需重新打开原链接复核。
兆威机电,兆威机电 技术路线和软件栈复核,A,官网/上市公司,https://www.zwgearbox.com/,unknown,2026-05-26,技术路线和软件栈复核,中,生成时纳入公开来源清单；正式决策前需重新打开原链接复核。
兆威机电,兆威机电 商业化阶段复核,A,官网/上市公司,https://www.zwgearbox.com/,unknown,2026-05-26,商业化阶段复核,中,生成时纳入公开来源清单；正式决策前需重新打开原链接复核。
兆威机电,兆威机电 量产、交付和收入边界复核,A,官网/上市公司,https://www.zwgearbox.com/,unknown,2026-05-26,量产、交付和收入边界复核,中,生成时纳入公开来源清单；正式决策前需重新打开原链接复核。
加速进化/Booster Robotics,加速进化/Booster Robotics 公司库主来源,B,官网介绍,https://www.booster.tech/about-us/,unknown,2026-05-26,公司定位、产品线、场景与部署状态基础事实,中,生成时纳入公开来源清单；正式决策前需重新打开原链接复核。
加速进化/Booster Robotics,加速进化/Booster Robotics 来源索引补充,B,来源索引,https://www.booster.tech/about-us/,unknown,2026-05-26,加速进化/Booster Robotics 平台与竞赛生态,中,生成时纳入公开来源清单；正式决策前需重新打开原链接复核。
加速进化/Booster Robotics,加速进化/Booster Robotics 公司基本定位复核,B,官网介绍,https://www.booster.tech/about-us/,unknown,2026-05-26,公司基本定位复核,中,生成时纳入公开来源清单；正式决策前需重新打开原链接复核。
加速进化/Booster Robotics,加速进化/Booster Robotics 核心产品与形态复核,B,官网介绍,https://www.booster.tech/about-us/,unknown,2026-05-26,核心产品与形态复核,中,生成时纳入公开来源清单；正式决策前需重新打开原链接复核。
加速进化/Booster Robotics,加速进化/Booster Robotics 目标场景与客户类型复核,B,官网介绍,https://www.booster.tech/about-us/,unknown,2026-05-26,目标场景与客户类型复核,中,生成时纳入公开来源清单；正式决策前需重新打开原链接复核。
加速进化/Booster Robotics,加速进化/Booster Robotics 技术路线和软件栈复核,B,官网介绍,https://www.booster.tech/about-us/,unknown,2026-05-26,技术路线和软件栈复核,中,生成时纳入公开来源清单；正式决策前需重新打开原链接复核。
加速进化/Booster Robotics,加速进化/Booster Robotics 商业化阶段复核,B,官网介绍,https://www.booster.tech/about-us/,unknown,2026-05-26,商业化阶段复核,中,生成时纳入公开来源清单；正式决策前需重新打开原链接复核。
加速进化/Booster Robotics,加速进化/Booster Robotics 量产、交付和收入边界复核,B,官网介绍,https://www.booster.tech/about-us/,unknown,2026-05-26,量产、交付和收入边界复核,中,生成时纳入公开来源清单；正式决策前需重新打开原链接复核。
北京人形机器人创新中心,北京人形机器人创新中心 公司库主来源,B,官网,https://x-humanoid.com/,unknown,2026-05-26,公司定位、产品线、场景与部署状态基础事实,中,生成时纳入公开来源清单；正式决策前需重新打开原链接复核。
北京人形机器人创新中心,北京人形机器人创新中心 落地案例来源,B,案例资料,https://x-humanoid.com/,unknown,2026-05-26,客户、场景、付费和持续运营证据,中,生成时纳入公开来源清单；正式决策前需重新打开原链接复核。
北京人形机器人创新中心,北京人形机器人创新中心 来源索引补充,B,来源索引,https://x-humanoid.com/,unknown,2026-05-26,北京人形机器人创新中心,中,生成时纳入公开来源清单；正式决策前需重新打开原链接复核。
北京人形机器人创新中心,北京人形机器人创新中心 公司基本定位复核,B,官网,https://x-humanoid.com/,unknown,2026-05-26,公司基本定位复核,中,生成时纳入公开来源清单；正式决策前需重新打开原链接复核。
北京人形机器人创新中心,北京人形机器人创新中心 核心产品与形态复核,B,官网,https://x-humanoid.com/,unknown,2026-05-26,核心产品与形态复核,中,生成时纳入公开来源清单；正式决策前需重新打开原链接复核。
北京人形机器人创新中心,北京人形机器人创新中心 目标场景与客户类型复核,B,官网,https://x-humanoid.com/,unknown,2026-05-26,目标场景与客户类型复核,中,生成时纳入公开来源清单；正式决策前需重新打开原链接复核。
北京人形机器人创新中心,北京人形机器人创新中心 技术路线和软件栈复核,B,官网,https://x-humanoid.com/,unknown,2026-05-26,技术路线和软件栈复核,中,生成时纳入公开来源清单；正式决策前需重新打开原链接复核。
北京人形机器人创新中心,北京人形机器人创新中心 商业化阶段复核,B,官网,https://x-humanoid.com/,unknown,2026-05-26,商业化阶段复核,中,生成时纳入公开来源清单；正式决策前需重新打开原链接复核。
埃夫特,埃夫特 公司库主来源,A,官网/上市公司,https://www.efort.com.cn/,unknown,2026-05-26,公司定位、产品线、场景与部署状态基础事实,高,生成时纳入公开来源清单；正式决策前需重新打开原链接复核。
埃夫特,埃夫特 来源索引补充,B,来源索引,https://www.efort.com.cn/,unknown,2026-05-26,埃夫特,中,生成时纳入公开来源清单；正式决策前需重新打开原链接复核。
埃夫特,埃夫特 公司基本定位复核,A,官网/上市公司,https://www.efort.com.cn/,unknown,2026-05-26,公司基本定位复核,高,生成时纳入公开来源清单；正式决策前需重新打开原链接复核。
埃夫特,埃夫特 核心产品与形态复核,A,官网/上市公司,https://www.efort.com.cn/,unknown,2026-05-26,核心产品与形态复核,高,生成时纳入公开来源清单；正式决策前需重新打开原链接复核。
埃夫特,埃夫特 目标场景与客户类型复核,A,官网/上市公司,https://www.efort.com.cn/,unknown,2026-05-26,目标场景与客户类型复核,高,生成时纳入公开来源清单；正式决策前需重新打开原链接复核。
埃夫特,埃夫特 技术路线和软件栈复核,A,官网/上市公司,https://www.efort.com.cn/,unknown,2026-05-26,技术路线和软件栈复核,高,生成时纳入公开来源清单；正式决策前需重新打开原链接复核。
埃夫特,埃夫特 商业化阶段复核,A,官网/上市公司,https://www.efort.com.cn/,unknown,2026-05-26,商业化阶段复核,高,生成时纳入公开来源清单；正式决策前需重新打开原链接复核。
埃夫特,埃夫特 量产、交付和收入边界复核,A,官网/上市公司,https://www.efort.com.cn/,unknown,2026-05-26,量产、交付和收入边界复核,高,生成时纳入公开来源清单；正式决策前需重新打开原链接复核。
埃斯顿,埃斯顿 公司库主来源,A,官网/上市公司,https://www.estun.com/,unknown,2026-05-26,公司定位、产品线、场景与部署状态基础事实,高,生成时纳入公开来源清单；正式决策前需重新打开原链接复核。
埃斯顿,埃斯顿 来源索引补充,B,来源索引,https://www.estun.com/,unknown,2026-05-26,埃斯顿,中,生成时纳入公开来源清单；正式决策前需重新打开原链接复核。
埃斯顿,埃斯顿 公司基本定位复核,A,官网/上市公司,https://www.estun.com/,unknown,2026-05-26,公司基本定位复核,高,生成时纳入公开来源清单；正式决策前需重新打开原链接复核。
埃斯顿,埃斯顿 核心产品与形态复核,A,官网/上市公司,https://www.estun.com/,unknown,2026-05-26,核心产品与形态复核,高,生成时纳入公开来源清单；正式决策前需重新打开原链接复核。
埃斯顿,埃斯顿 目标场景与客户类型复核,A,官网/上市公司,https://www.estun.com/,unknown,2026-05-26,目标场景与客户类型复核,高,生成时纳入公开来源清单；正式决策前需重新打开原链接复核。
埃斯顿,埃斯顿 技术路线和软件栈复核,A,官网/上市公司,https://www.estun.com/,unknown,2026-05-26,技术路线和软件栈复核,高,生成时纳入公开来源清单；正式决策前需重新打开原链接复核。
埃斯顿,埃斯顿 商业化阶段复核,A,官网/上市公司,https://www.estun.com/,unknown,2026-05-26,商业化阶段复核,高,生成时纳入公开来源清单；正式决策前需重新打开原链接复核。
埃斯顿,埃斯顿 量产、交付和收入边界复核,A,官网/上市公司,https://www.estun.com/,unknown,2026-05-26,量产、交付和收入边界复核,高,生成时纳入公开来源清单；正式决策前需重新打开原链接复核。
大族机器人,大族机器人 公司库主来源,B,官网,https://www.hansrobot.com/,unknown,2026-05-26,公司定位、产品线、场景与部署状态基础事实,中,生成时纳入公开来源清单；正式决策前需重新打开原链接复核。
大族机器人,大族机器人 来源索引补充,B,来源索引,https://www.hansrobot.com/,unknown,2026-05-26,大族机器人,中,生成时纳入公开来源清单；正式决策前需重新打开原链接复核。
大族机器人,大族机器人 公司基本定位复核,B,官网,https://www.hansrobot.com/,unknown,2026-05-26,公司基本定位复核,中,生成时纳入公开来源清单；正式决策前需重新打开原链接复核。
大族机器人,大族机器人 核心产品与形态复核,B,官网,https://www.hansrobot.com/,unknown,2026-05-26,核心产品与形态复核,中,生成时纳入公开来源清单；正式决策前需重新打开原链接复核。
大族机器人,大族机器人 目标场景与客户类型复核,B,官网,https://www.hansrobot.com/,unknown,2026-05-26,目标场景与客户类型复核,中,生成时纳入公开来源清单；正式决策前需重新打开原链接复核。
大族机器人,大族机器人 技术路线和软件栈复核,B,官网,https://www.hansrobot.com/,unknown,2026-05-26,技术路线和软件栈复核,中,生成时纳入公开来源清单；正式决策前需重新打开原链接复核。
大族机器人,大族机器人 商业化阶段复核,B,官网,https://www.hansrobot.com/,unknown,2026-05-26,商业化阶段复核,中,生成时纳入公开来源清单；正式决策前需重新打开原链接复核。
大族机器人,大族机器人 量产、交付和收入边界复核,B,官网,https://www.hansrobot.com/,unknown,2026-05-26,量产、交付和收入边界复核,中,生成时纳入公开来源清单；正式决策前需重新打开原链接复核。
大象机器人,大象机器人 公司库主来源,B,官网,https://www.elephantrobotics.com/,unknown,2026-05-26,公司定位、产品线、场景与部署状态基础事实,中,生成时纳入公开来源清单；正式决策前需重新打开原链接复核。
大象机器人,大象机器人 来源索引补充,B,来源索引,https://www.elephantrobotics.com/,unknown,2026-05-26,大象机器人,中,生成时纳入公开来源清单；正式决策前需重新打开原链接复核。
大象机器人,大象机器人 公司基本定位复核,B,官网,https://www.elephantrobotics.com/,unknown,2026-05-26,公司基本定位复核,中,生成时纳入公开来源清单；正式决策前需重新打开原链接复核。
大象机器人,大象机器人 核心产品与形态复核,B,官网,https://www.elephantrobotics.com/,unknown,2026-05-26,核心产品与形态复核,中,生成时纳入公开来源清单；正式决策前需重新打开原链接复核。
大象机器人,大象机器人 目标场景与客户类型复核,B,官网,https://www.elephantrobotics.com/,unknown,2026-05-26,目标场景与客户类型复核,中,生成时纳入公开来源清单；正式决策前需重新打开原链接复核。
大象机器人,大象机器人 技术路线和软件栈复核,B,官网,https://www.elephantrobotics.com/,unknown,2026-05-26,技术路线和软件栈复核,中,生成时纳入公开来源清单；正式决策前需重新打开原链接复核。
大象机器人,大象机器人 商业化阶段复核,B,官网,https://www.elephantrobotics.com/,unknown,2026-05-26,商业化阶段复核,中,生成时纳入公开来源清单；正式决策前需重新打开原链接复核。
大象机器人,大象机器人 量产、交付和收入边界复核,B,官网,https://www.elephantrobotics.com/,unknown,2026-05-26,量产、交付和收入边界复核,中,生成时纳入公开来源清单；正式决策前需重新打开原链接复核。
奥比中光,奥比中光 公司库主来源,A,官网/上市公司,https://www.orbbec.com.cn/,unknown,2026-05-26,公司定位、产品线、场景与部署状态基础事实,高,生成时纳入公开来源清单；正式决策前需重新打开原链接复核。
奥比中光,奥比中光 落地案例来源,A,案例资料,https://www.orbbec.com.cn/,unknown,2026-05-26,客户、场景、付费和持续运营证据,中,生成时纳入公开来源清单；正式决策前需重新打开原链接复核。
奥比中光,奥比中光 来源索引补充,B,来源索引,https://www.orbbec.com.cn/,unknown,2026-05-26,奥比中光,中,生成时纳入公开来源清单；正式决策前需重新打开原链接复核。
奥比中光,奥比中光 公司基本定位复核,A,官网/上市公司,https://www.orbbec.com.cn/,unknown,2026-05-26,公司基本定位复核,高,生成时纳入公开来源清单；正式决策前需重新打开原链接复核。
奥比中光,奥比中光 核心产品与形态复核,A,官网/上市公司,https://www.orbbec.com.cn/,unknown,2026-05-26,核心产品与形态复核,高,生成时纳入公开来源清单；正式决策前需重新打开原链接复核。
奥比中光,奥比中光 目标场景与客户类型复核,A,官网/上市公司,https://www.orbbec.com.cn/,unknown,2026-05-26,目标场景与客户类型复核,高,生成时纳入公开来源清单；正式决策前需重新打开原链接复核。
奥比中光,奥比中光 技术路线和软件栈复核,A,官网/上市公司,https://www.orbbec.com.cn/,unknown,2026-05-26,技术路线和软件栈复核,高,生成时纳入公开来源清单；正式决策前需重新打开原链接复核。
奥比中光,奥比中光 商业化阶段复核,A,官网/上市公司,https://www.orbbec.com.cn/,unknown,2026-05-26,商业化阶段复核,高,生成时纳入公开来源清单；正式决策前需重新打开原链接复核。
宇树科技,宇树科技 公司库主来源,B,官网介绍,https://www.unitree.com/en/about/,unknown,2026-05-26,公司定位、产品线、场景与部署状态基础事实,高,生成时纳入公开来源清单；正式决策前需重新打开原链接复核。
宇树科技,宇树科技 产品库来源,B,官网产品页,https://www.unitree.com/g1/,unknown,2026-05-26,产品矩阵、参数和生产状态,中,生成时纳入公开来源清单；正式决策前需重新打开原链接复核。
宇树科技,宇树科技 落地案例来源,B,案例资料,https://www.unitree.com/en/about/,unknown,2026-05-26,客户、场景、付费和持续运营证据,中,生成时纳入公开来源清单；正式决策前需重新打开原链接复核。
宇树科技,宇树科技 落地案例来源,B,案例资料,https://www.unitree.com/,unknown,2026-05-26,客户、场景、付费和持续运营证据,中,生成时纳入公开来源清单；正式决策前需重新打开原链接复核。
宇树科技,宇树科技 融资事件来源,B,官网/媒体,https://www.unitree.com/en/about/,unknown,2026-05-26,融资、资本关注度和发展阶段,中,生成时纳入公开来源清单；正式决策前需重新打开原链接复核。
宇树科技,宇树科技 来源索引补充,B,来源索引,https://www.unitree.com/en/about/,unknown,2026-05-26,宇树公司定位与产品线,中,生成时纳入公开来源清单；正式决策前需重新打开原链接复核。
宇树科技,宇树科技 来源索引补充,B,来源索引,https://www.unitree.com/,unknown,2026-05-26,宇树产品总览,中,生成时纳入公开来源清单；正式决策前需重新打开原链接复核。
宇树科技,宇树官网首页,B,官网,https://www.unitree.com/,unknown,2026-05-26,宇树官网首页,中,生成时纳入公开来源清单；正式决策前需重新打开原链接复核。
宇树科技,宇树公司介绍,B,官网介绍,https://www.unitree.com/en/about/,unknown,2026-05-26,宇树公司介绍,中,生成时纳入公开来源清单；正式决策前需重新打开原链接复核。
宇树科技,Unitree G1 产品页,B,官网产品页,https://www.unitree.com/g1/,unknown,2026-05-26,Unitree G1 产品页,中,生成时纳入公开来源清单；正式决策前需重新打开原链接复核。
宇树科技,Unitree H1 产品页,B,官网产品页,https://www.unitree.com/h1/,unknown,2026-05-26,Unitree H1 产品页,中,生成时纳入公开来源清单；正式决策前需重新打开原链接复核。
宇树科技,Unitree Go2 产品页,B,官网产品页,https://www.unitree.com/go2/,unknown,2026-05-26,Unitree Go2 产品页,中,生成时纳入公开来源清单；正式决策前需重新打开原链接复核。
宇树科技,Unitree B2 产品页,B,官网产品页,https://www.unitree.com/b2/,unknown,2026-05-26,Unitree B2 产品页,中,生成时纳入公开来源清单；正式决策前需重新打开原链接复核。
宇树科技,宇树科技 公司基本定位复核,B,官网介绍,https://www.unitree.com/en/about/,unknown,2026-05-26,公司基本定位复核,高,生成时纳入公开来源清单；正式决策前需重新打开原链接复核。
宇树科技,宇树科技 核心产品与形态复核,B,官网介绍,https://www.unitree.com/en/about/,unknown,2026-05-26,核心产品与形态复核,高,生成时纳入公开来源清单；正式决策前需重新打开原链接复核。
宇树科技,宇树科技 目标场景与客户类型复核,B,官网介绍,https://www.unitree.com/en/about/,unknown,2026-05-26,目标场景与客户类型复核,高,生成时纳入公开来源清单；正式决策前需重新打开原链接复核。
宇树科技,宇树科技 技术路线和软件栈复核,B,官网介绍,https://www.unitree.com/en/about/,unknown,2026-05-26,技术路线和软件栈复核,高,生成时纳入公开来源清单；正式决策前需重新打开原链接复核。
宇树科技,宇树科技 商业化阶段复核,B,官网介绍,https://www.unitree.com/en/about/,unknown,2026-05-26,商业化阶段复核,高,生成时纳入公开来源清单；正式决策前需重新打开原链接复核。
宇树科技,宇树科技 量产、交付和收入边界复核,B,官网介绍,https://www.unitree.com/en/about/,unknown,2026-05-26,量产、交付和收入边界复核,高,生成时纳入公开来源清单；正式决策前需重新打开原链接复核。
宇树科技,宇树科技 供应链和关键零部件复核,B,官网介绍,https://www.unitree.com/en/about/,unknown,2026-05-26,供应链和关键零部件复核,高,生成时纳入公开来源清单；正式决策前需重新打开原链接复核。
宇树科技,宇树科技 管理层合作风险复核,B,官网介绍,https://www.unitree.com/en/about/,unknown,2026-05-26,管理层合作风险复核,高,生成时纳入公开来源清单；正式决策前需重新打开原链接复核。
宇树科技,宇树科技 未来 12 个月跟踪指标复核,B,官网介绍,https://www.unitree.com/en/about/,unknown,2026-05-26,未来 12 个月跟踪指标复核,高,生成时纳入公开来源清单；正式决策前需重新打开原链接复核。
宇树科技,宇树科技 与同类公司横向对照复核,B,官网介绍,https://www.unitree.com/en/about/,unknown,2026-05-26,与同类公司横向对照复核,高,生成时纳入公开来源清单；正式决策前需重新打开原链接复核。
宇树科技,宇树科技 公司基本定位复核,B,官网介绍,https://www.unitree.com/en/about/,unknown,2026-05-26,公司基本定位复核,高,生成时纳入公开来源清单；正式决策前需重新打开原链接复核。
宇树科技,宇树科技 核心产品与形态复核,B,官网介绍,https://www.unitree.com/en/about/,unknown,2026-05-26,核心产品与形态复核,高,生成时纳入公开来源清单；正式决策前需重新打开原链接复核。
宇树科技,宇树科技 目标场景与客户类型复核,B,官网介绍,https://www.unitree.com/en/about/,unknown,2026-05-26,目标场景与客户类型复核,高,生成时纳入公开来源清单；正式决策前需重新打开原链接复核。
宇树科技,宇树科技 技术路线和软件栈复核,B,官网介绍,https://www.unitree.com/en/about/,unknown,2026-05-26,技术路线和软件栈复核,高,生成时纳入公开来源清单；正式决策前需重新打开原链接复核。
宇树科技,宇树科技 商业化阶段复核,B,官网介绍,https://www.unitree.com/en/about/,unknown,2026-05-26,商业化阶段复核,高,生成时纳入公开来源清单；正式决策前需重新打开原链接复核。
宇树科技,宇树科技 量产、交付和收入边界复核,B,官网介绍,https://www.unitree.com/en/about/,unknown,2026-05-26,量产、交付和收入边界复核,高,生成时纳入公开来源清单；正式决策前需重新打开原链接复核。
宇树科技,宇树科技 供应链和关键零部件复核,B,官网介绍,https://www.unitree.com/en/about/,unknown,2026-05-26,供应链和关键零部件复核,高,生成时纳入公开来源清单；正式决策前需重新打开原链接复核。
小鹏机器人,小鹏机器人 公司库主来源,B,官网,https://www.xpeng.com/,unknown,2026-05-26,公司定位、产品线、场景与部署状态基础事实,中,生成时纳入公开来源清单；正式决策前需重新打开原链接复核。
小鹏机器人,小鹏机器人 落地案例来源,B,案例资料,https://www.xpeng.com/,unknown,2026-05-26,客户、场景、付费和持续运营证据,中,生成时纳入公开来源清单；正式决策前需重新打开原链接复核。
小鹏机器人,小鹏机器人 来源索引补充,B,来源索引,https://www.xpeng.com/,unknown,2026-05-26,小鹏机器人/车企机器人布局线索,中,生成时纳入公开来源清单；正式决策前需重新打开原链接复核。
小鹏机器人,小鹏机器人 公司基本定位复核,B,官网,https://www.xpeng.com/,unknown,2026-05-26,公司基本定位复核,中,生成时纳入公开来源清单；正式决策前需重新打开原链接复核。
小鹏机器人,小鹏机器人 核心产品与形态复核,B,官网,https://www.xpeng.com/,unknown,2026-05-26,核心产品与形态复核,中,生成时纳入公开来源清单；正式决策前需重新打开原链接复核。
小鹏机器人,小鹏机器人 目标场景与客户类型复核,B,官网,https://www.xpeng.com/,unknown,2026-05-26,目标场景与客户类型复核,中,生成时纳入公开来源清单；正式决策前需重新打开原链接复核。
小鹏机器人,小鹏机器人 技术路线和软件栈复核,B,官网,https://www.xpeng.com/,unknown,2026-05-26,技术路线和软件栈复核,中,生成时纳入公开来源清单；正式决策前需重新打开原链接复核。
小鹏机器人,小鹏机器人 商业化阶段复核,B,官网,https://www.xpeng.com/,unknown,2026-05-26,商业化阶段复核,中,生成时纳入公开来源清单；正式决策前需重新打开原链接复核。
帕西尼感知科技,帕西尼感知科技 公司库主来源,B,官网介绍,https://paxini.com/kr/about,unknown,2026-05-26,公司定位、产品线、场景与部署状态基础事实,中,生成时纳入公开来源清单；正式决策前需重新打开原链接复核。
帕西尼感知科技,帕西尼感知科技 产品库来源,B,官网介绍,https://paxini.com/kr/about,unknown,2026-05-26,产品矩阵、参数和生产状态,中,生成时纳入公开来源清单；正式决策前需重新打开原链接复核。
帕西尼感知科技,帕西尼感知科技 公司基本定位复核,B,官网介绍,https://paxini.com/kr/about,unknown,2026-05-26,公司基本定位复核,中,生成时纳入公开来源清单；正式决策前需重新打开原链接复核。
帕西尼感知科技,帕西尼感知科技 核心产品与形态复核,B,官网介绍,https://paxini.com/kr/about,unknown,2026-05-26,核心产品与形态复核,中,生成时纳入公开来源清单；正式决策前需重新打开原链接复核。
帕西尼感知科技,帕西尼感知科技 目标场景与客户类型复核,B,官网介绍,https://paxini.com/kr/about,unknown,2026-05-26,目标场景与客户类型复核,中,生成时纳入公开来源清单；正式决策前需重新打开原链接复核。
帕西尼感知科技,帕西尼感知科技 技术路线和软件栈复核,B,官网介绍,https://paxini.com/kr/about,unknown,2026-05-26,技术路线和软件栈复核,中,生成时纳入公开来源清单；正式决策前需重新打开原链接复核。
帕西尼感知科技,帕西尼感知科技 商业化阶段复核,B,官网介绍,https://paxini.com/kr/about,unknown,2026-05-26,商业化阶段复核,中,生成时纳入公开来源清单；正式决策前需重新打开原链接复核。
帕西尼感知科技,帕西尼感知科技 量产、交付和收入边界复核,B,官网介绍,https://paxini.com/kr/about,unknown,2026-05-26,量产、交付和收入边界复核,中,生成时纳入公开来源清单；正式决策前需重新打开原链接复核。
开普勒机器人,开普勒机器人 公司库主来源,B,官网,https://www.keplerbot.com/,unknown,2026-05-26,公司定位、产品线、场景与部署状态基础事实,中,生成时纳入公开来源清单；正式决策前需重新打开原链接复核。
开普勒机器人,开普勒机器人 来源索引补充,B,来源索引,https://www.keplerbot.com/,unknown,2026-05-26,开普勒机器人,中,生成时纳入公开来源清单；正式决策前需重新打开原链接复核。
开普勒机器人,开普勒机器人 公司基本定位复核,B,官网,https://www.keplerbot.com/,unknown,2026-05-26,公司基本定位复核,中,生成时纳入公开来源清单；正式决策前需重新打开原链接复核。
开普勒机器人,开普勒机器人 核心产品与形态复核,B,官网,https://www.keplerbot.com/,unknown,2026-05-26,核心产品与形态复核,中,生成时纳入公开来源清单；正式决策前需重新打开原链接复核。
开普勒机器人,开普勒机器人 目标场景与客户类型复核,B,官网,https://www.keplerbot.com/,unknown,2026-05-26,目标场景与客户类型复核,中,生成时纳入公开来源清单；正式决策前需重新打开原链接复核。
开普勒机器人,开普勒机器人 技术路线和软件栈复核,B,官网,https://www.keplerbot.com/,unknown,2026-05-26,技术路线和软件栈复核,中,生成时纳入公开来源清单；正式决策前需重新打开原链接复核。
开普勒机器人,开普勒机器人 商业化阶段复核,B,官网,https://www.keplerbot.com/,unknown,2026-05-26,商业化阶段复核,中,生成时纳入公开来源清单；正式决策前需重新打开原链接复核。
开普勒机器人,开普勒机器人 量产、交付和收入边界复核,B,官网,https://www.keplerbot.com/,unknown,2026-05-26,量产、交付和收入边界复核,中,生成时纳入公开来源清单；正式决策前需重新打开原链接复核。
快仓智能,快仓智能 公司库主来源,B,官网,https://www.quicktron.com/,unknown,2026-05-26,公司定位、产品线、场景与部署状态基础事实,高,生成时纳入公开来源清单；正式决策前需重新打开原链接复核。
快仓智能,快仓智能 落地案例来源,B,案例资料,https://www.quicktron.com/,unknown,2026-05-26,客户、场景、付费和持续运营证据,中,生成时纳入公开来源清单；正式决策前需重新打开原链接复核。
快仓智能,快仓智能 来源索引补充,B,来源索引,https://www.quicktron.com/,unknown,2026-05-26,快仓智能,中,生成时纳入公开来源清单；正式决策前需重新打开原链接复核。
快仓智能,快仓智能 公司基本定位复核,B,官网,https://www.quicktron.com/,unknown,2026-05-26,公司基本定位复核,高,生成时纳入公开来源清单；正式决策前需重新打开原链接复核。
快仓智能,快仓智能 核心产品与形态复核,B,官网,https://www.quicktron.com/,unknown,2026-05-26,核心产品与形态复核,高,生成时纳入公开来源清单；正式决策前需重新打开原链接复核。
快仓智能,快仓智能 目标场景与客户类型复核,B,官网,https://www.quicktron.com/,unknown,2026-05-26,目标场景与客户类型复核,高,生成时纳入公开来源清单；正式决策前需重新打开原链接复核。
快仓智能,快仓智能 技术路线和软件栈复核,B,官网,https://www.quicktron.com/,unknown,2026-05-26,技术路线和软件栈复核,高,生成时纳入公开来源清单；正式决策前需重新打开原链接复核。
快仓智能,快仓智能 商业化阶段复核,B,官网,https://www.quicktron.com/,unknown,2026-05-26,商业化阶段复核,高,生成时纳入公开来源清单；正式决策前需重新打开原链接复核。
擎朗智能,擎朗智能 公司库主来源,B,官网,https://www.keenon.com/en/index.html,unknown,2026-05-26,公司定位、产品线、场景与部署状态基础事实,高,生成时纳入公开来源清单；正式决策前需重新打开原链接复核。
擎朗智能,擎朗智能 产品库来源,B,官网,https://www.keenon.com/en/index.html,unknown,2026-05-26,产品矩阵、参数和生产状态,中,生成时纳入公开来源清单；正式决策前需重新打开原链接复核。
擎朗智能,擎朗智能 落地案例来源,B,案例资料,https://www.keenon.com/en/index.html,unknown,2026-05-26,客户、场景、付费和持续运营证据,中,生成时纳入公开来源清单；正式决策前需重新打开原链接复核。
擎朗智能,擎朗智能 来源索引补充,B,来源索引,https://www.keenon.com/en/index.html,unknown,2026-05-26,擎朗智能产品线与服务机器人信息,中,生成时纳入公开来源清单；正式决策前需重新打开原链接复核。
擎朗智能,擎朗智能 公司基本定位复核,B,官网,https://www.keenon.com/en/index.html,unknown,2026-05-26,公司基本定位复核,高,生成时纳入公开来源清单；正式决策前需重新打开原链接复核。
擎朗智能,擎朗智能 核心产品与形态复核,B,官网,https://www.keenon.com/en/index.html,unknown,2026-05-26,核心产品与形态复核,高,生成时纳入公开来源清单；正式决策前需重新打开原链接复核。
擎朗智能,擎朗智能 目标场景与客户类型复核,B,官网,https://www.keenon.com/en/index.html,unknown,2026-05-26,目标场景与客户类型复核,高,生成时纳入公开来源清单；正式决策前需重新打开原链接复核。
擎朗智能,擎朗智能 技术路线和软件栈复核,B,官网,https://www.keenon.com/en/index.html,unknown,2026-05-26,技术路线和软件栈复核,高,生成时纳入公开来源清单；正式决策前需重新打开原链接复核。
斯坦德机器人,斯坦德机器人 公司库主来源,C,媒体报道,https://finance.sina.com.cn/wm/2026-05-13/doc-inhxteis9480018.shtml,unknown,2026-05-26,公司定位、产品线、场景与部署状态基础事实,中,生成时纳入公开来源清单；正式决策前需重新打开原链接复核。
斯坦德机器人,斯坦德机器人 落地案例来源,C,案例资料,https://finance.sina.com.cn/wm/2026-05-13/doc-inhxteis9480018.shtml,unknown,2026-05-26,客户、场景、付费和持续运营证据,中,生成时纳入公开来源清单；正式决策前需重新打开原链接复核。
斯坦德机器人,斯坦德机器人 来源索引补充,B,来源索引,https://finance.sina.com.cn/wm/2026-05-13/doc-inhxteis9480018.shtml,unknown,2026-05-26,斯坦德机器人半导体 AMR 客户案例,中,生成时纳入公开来源清单；正式决策前需重新打开原链接复核。
斯坦德机器人,斯坦德机器人 公司基本定位复核,C,媒体报道,https://finance.sina.com.cn/wm/2026-05-13/doc-inhxteis9480018.shtml,unknown,2026-05-26,公司基本定位复核,中,生成时纳入公开来源清单；正式决策前需重新打开原链接复核。
斯坦德机器人,斯坦德机器人 核心产品与形态复核,C,媒体报道,https://finance.sina.com.cn/wm/2026-05-13/doc-inhxteis9480018.shtml,unknown,2026-05-26,核心产品与形态复核,中,生成时纳入公开来源清单；正式决策前需重新打开原链接复核。
斯坦德机器人,斯坦德机器人 目标场景与客户类型复核,C,媒体报道,https://finance.sina.com.cn/wm/2026-05-13/doc-inhxteis9480018.shtml,unknown,2026-05-26,目标场景与客户类型复核,中,生成时纳入公开来源清单；正式决策前需重新打开原链接复核。
斯坦德机器人,斯坦德机器人 技术路线和软件栈复核,C,媒体报道,https://finance.sina.com.cn/wm/2026-05-13/doc-inhxteis9480018.shtml,unknown,2026-05-26,技术路线和软件栈复核,中,生成时纳入公开来源清单；正式决策前需重新打开原链接复核。
斯坦德机器人,斯坦德机器人 商业化阶段复核,C,媒体报道,https://finance.sina.com.cn/wm/2026-05-13/doc-inhxteis9480018.shtml,unknown,2026-05-26,商业化阶段复核,中,生成时纳入公开来源清单；正式决策前需重新打开原链接复核。
新松机器人,新松机器人 公司库主来源,A,官网/上市公司,https://www.siasun.com/,unknown,2026-05-26,公司定位、产品线、场景与部署状态基础事实,高,生成时纳入公开来源清单；正式决策前需重新打开原链接复核。
新松机器人,新松机器人 来源索引补充,B,来源索引,https://www.siasun.com/,unknown,2026-05-26,新松机器人,中,生成时纳入公开来源清单；正式决策前需重新打开原链接复核。
新松机器人,新松机器人 公司基本定位复核,A,官网/上市公司,https://www.siasun.com/,unknown,2026-05-26,公司基本定位复核,高,生成时纳入公开来源清单；正式决策前需重新打开原链接复核。
新松机器人,新松机器人 核心产品与形态复核,A,官网/上市公司,https://www.siasun.com/,unknown,2026-05-26,核心产品与形态复核,高,生成时纳入公开来源清单；正式决策前需重新打开原链接复核。
新松机器人,新松机器人 目标场景与客户类型复核,A,官网/上市公司,https://www.siasun.com/,unknown,2026-05-26,目标场景与客户类型复核,高,生成时纳入公开来源清单；正式决策前需重新打开原链接复核。
新松机器人,新松机器人 技术路线和软件栈复核,A,官网/上市公司,https://www.siasun.com/,unknown,2026-05-26,技术路线和软件栈复核,高,生成时纳入公开来源清单；正式决策前需重新打开原链接复核。
新松机器人,新松机器人 商业化阶段复核,A,官网/上市公司,https://www.siasun.com/,unknown,2026-05-26,商业化阶段复核,高,生成时纳入公开来源清单；正式决策前需重新打开原链接复核。
新松机器人,新松机器人 量产、交付和收入边界复核,A,官网/上市公司,https://www.siasun.com/,unknown,2026-05-26,量产、交付和收入边界复核,高,生成时纳入公开来源清单；正式决策前需重新打开原链接复核。
星尘智能/Astribot,星尘智能/Astribot 公司库主来源,B,官网产品页,https://www.astribot.com/en/product/,unknown,2026-05-26,公司定位、产品线、场景与部署状态基础事实,中,生成时纳入公开来源清单；正式决策前需重新打开原链接复核。
星尘智能/Astribot,星尘智能/Astribot 产品库来源,B,官网产品页,https://www.astribot.com/en/product/,unknown,2026-05-26,产品矩阵、参数和生产状态,中,生成时纳入公开来源清单；正式决策前需重新打开原链接复核。
星尘智能/Astribot,星尘智能/Astribot 公司基本定位复核,B,官网产品页,https://www.astribot.com/en/product/,unknown,2026-05-26,公司基本定位复核,中,生成时纳入公开来源清单；正式决策前需重新打开原链接复核。
星尘智能/Astribot,星尘智能/Astribot 核心产品与形态复核,B,官网产品页,https://www.astribot.com/en/product/,unknown,2026-05-26,核心产品与形态复核,中,生成时纳入公开来源清单；正式决策前需重新打开原链接复核。
星尘智能/Astribot,星尘智能/Astribot 目标场景与客户类型复核,B,官网产品页,https://www.astribot.com/en/product/,unknown,2026-05-26,目标场景与客户类型复核,中,生成时纳入公开来源清单；正式决策前需重新打开原链接复核。
星尘智能/Astribot,星尘智能/Astribot 技术路线和软件栈复核,B,官网产品页,https://www.astribot.com/en/product/,unknown,2026-05-26,技术路线和软件栈复核,中,生成时纳入公开来源清单；正式决策前需重新打开原链接复核。
星尘智能/Astribot,星尘智能/Astribot 商业化阶段复核,B,官网产品页,https://www.astribot.com/en/product/,unknown,2026-05-26,商业化阶段复核,中,生成时纳入公开来源清单；正式决策前需重新打开原链接复核。
星尘智能/Astribot,星尘智能/Astribot 量产、交付和收入边界复核,B,官网产品页,https://www.astribot.com/en/product/,unknown,2026-05-26,量产、交付和收入边界复核,中,生成时纳入公开来源清单；正式决策前需重新打开原链接复核。
普渡机器人,普渡机器人 公司库主来源,B,官网,https://www.pudurobotics.com/,unknown,2026-05-26,公司定位、产品线、场景与部署状态基础事实,高,生成时纳入公开来源清单；正式决策前需重新打开原链接复核。
普渡机器人,普渡机器人 产品库来源,B,官网,https://www.pudurobotics.com/,unknown,2026-05-26,产品矩阵、参数和生产状态,中,生成时纳入公开来源清单；正式决策前需重新打开原链接复核。
普渡机器人,普渡机器人 落地案例来源,B,案例资料,https://www.pudurobotics.com/,unknown,2026-05-26,客户、场景、付费和持续运营证据,中,生成时纳入公开来源清单；正式决策前需重新打开原链接复核。
普渡机器人,普渡机器人 来源索引补充,B,来源索引,https://www.pudurobotics.com/,unknown,2026-05-26,普渡机器人产品线与商业化信息,中,生成时纳入公开来源清单；正式决策前需重新打开原链接复核。
普渡机器人,普渡机器人官网,B,官网,https://www.pudurobotics.com/,unknown,2026-05-26,普渡机器人官网,中,生成时纳入公开来源清单；正式决策前需重新打开原链接复核。
普渡机器人,PUDU D9 产品页,B,官网产品页,https://www.pudurobotics.com/products/d9,unknown,2026-05-26,PUDU D9 产品页,中,生成时纳入公开来源清单；正式决策前需重新打开原链接复核。
普渡机器人,PUDU D9 发布新闻,B,官网新闻,https://www.pudurobotics.com/about/news/6763cce40767a20044b4a69a,unknown,2026-05-26,PUDU D9 发布新闻,中,生成时纳入公开来源清单；正式决策前需重新打开原链接复核。
普渡机器人,全新一代 PUDU D9 新闻,B,官网新闻,https://www.pudutech.com/news/pudu-robotics-advances-general-embodied-ai-portfolio-pudu-d9,unknown,2026-05-26,全新一代 PUDU D9 新闻,中,生成时纳入公开来源清单；正式决策前需重新打开原链接复核。
普渡机器人,PUDU T300 产品页,B,官网产品页,https://www.pudurobotics.com/zh-HK/products/pudut300,unknown,2026-05-26,PUDU T300 产品页,中,生成时纳入公开来源清单；正式决策前需重新打开原链接复核。
普渡机器人,普渡机器人 公司基本定位复核,B,官网,https://www.pudurobotics.com/,unknown,2026-05-26,公司基本定位复核,高,生成时纳入公开来源清单；正式决策前需重新打开原链接复核。
普渡机器人,普渡机器人 核心产品与形态复核,B,官网,https://www.pudurobotics.com/,unknown,2026-05-26,核心产品与形态复核,高,生成时纳入公开来源清单；正式决策前需重新打开原链接复核。
普渡机器人,普渡机器人 目标场景与客户类型复核,B,官网,https://www.pudurobotics.com/,unknown,2026-05-26,目标场景与客户类型复核,高,生成时纳入公开来源清单；正式决策前需重新打开原链接复核。
普渡机器人,普渡机器人 技术路线和软件栈复核,B,官网,https://www.pudurobotics.com/,unknown,2026-05-26,技术路线和软件栈复核,高,生成时纳入公开来源清单；正式决策前需重新打开原链接复核。
普渡机器人,普渡机器人 商业化阶段复核,B,官网,https://www.pudurobotics.com/,unknown,2026-05-26,商业化阶段复核,高,生成时纳入公开来源清单；正式决策前需重新打开原链接复核。
普渡机器人,普渡机器人 量产、交付和收入边界复核,B,官网,https://www.pudurobotics.com/,unknown,2026-05-26,量产、交付和收入边界复核,高,生成时纳入公开来源清单；正式决策前需重新打开原链接复核。
普渡机器人,普渡机器人 供应链和关键零部件复核,B,官网,https://www.pudurobotics.com/,unknown,2026-05-26,供应链和关键零部件复核,高,生成时纳入公开来源清单；正式决策前需重新打开原链接复核。
普渡机器人,普渡机器人 管理层合作风险复核,B,官网,https://www.pudurobotics.com/,unknown,2026-05-26,管理层合作风险复核,高,生成时纳入公开来源清单；正式决策前需重新打开原链接复核。
普渡机器人,普渡机器人 未来 12 个月跟踪指标复核,B,官网,https://www.pudurobotics.com/,unknown,2026-05-26,未来 12 个月跟踪指标复核,高,生成时纳入公开来源清单；正式决策前需重新打开原链接复核。
普渡机器人,普渡机器人 与同类公司横向对照复核,B,官网,https://www.pudurobotics.com/,unknown,2026-05-26,与同类公司横向对照复核,高,生成时纳入公开来源清单；正式决策前需重新打开原链接复核。
普渡机器人,普渡机器人 公司基本定位复核,B,官网,https://www.pudurobotics.com/,unknown,2026-05-26,公司基本定位复核,高,生成时纳入公开来源清单；正式决策前需重新打开原链接复核。
普渡机器人,普渡机器人 核心产品与形态复核,B,官网,https://www.pudurobotics.com/,unknown,2026-05-26,核心产品与形态复核,高,生成时纳入公开来源清单；正式决策前需重新打开原链接复核。
普渡机器人,普渡机器人 目标场景与客户类型复核,B,官网,https://www.pudurobotics.com/,unknown,2026-05-26,目标场景与客户类型复核,高,生成时纳入公开来源清单；正式决策前需重新打开原链接复核。
普渡机器人,普渡机器人 技术路线和软件栈复核,B,官网,https://www.pudurobotics.com/,unknown,2026-05-26,技术路线和软件栈复核,高,生成时纳入公开来源清单；正式决策前需重新打开原链接复核。
普渡机器人,普渡机器人 商业化阶段复核,B,官网,https://www.pudurobotics.com/,unknown,2026-05-26,商业化阶段复核,高,生成时纳入公开来源清单；正式决策前需重新打开原链接复核。
普渡机器人,普渡机器人 量产、交付和收入边界复核,B,官网,https://www.pudurobotics.com/,unknown,2026-05-26,量产、交付和收入边界复核,高,生成时纳入公开来源清单；正式决策前需重新打开原链接复核。
普渡机器人,普渡机器人 供应链和关键零部件复核,B,官网,https://www.pudurobotics.com/,unknown,2026-05-26,供应链和关键零部件复核,高,生成时纳入公开来源清单；正式决策前需重新打开原链接复核。
普渡机器人,普渡机器人 管理层合作风险复核,B,官网,https://www.pudurobotics.com/,unknown,2026-05-26,管理层合作风险复核,高,生成时纳入公开来源清单；正式决策前需重新打开原链接复核。
普渡机器人,普渡机器人 未来 12 个月跟踪指标复核,B,官网,https://www.pudurobotics.com/,unknown,2026-05-26,未来 12 个月跟踪指标复核,高,生成时纳入公开来源清单；正式决策前需重新打开原链接复核。
普渡机器人,普渡机器人 与同类公司横向对照复核,B,官网,https://www.pudurobotics.com/,unknown,2026-05-26,与同类公司横向对照复核,高,生成时纳入公开来源清单；正式决策前需重新打开原链接复核。
普渡机器人,普渡机器人 公司基本定位复核,B,官网,https://www.pudurobotics.com/,unknown,2026-05-26,公司基本定位复核,高,生成时纳入公开来源清单；正式决策前需重新打开原链接复核。
智元机器人,智元机器人 公司库主来源,B,官网新闻,https://www.agibot.com.cn/article/188/detail/101.html,unknown,2026-05-26,公司定位、产品线、场景与部署状态基础事实,中,生成时纳入公开来源清单；正式决策前需重新打开原链接复核。
智元机器人,智元机器人 产品库来源,B,官网新闻,https://www.agibot.com.cn/article/188/detail/101.html,unknown,2026-05-26,产品矩阵、参数和生产状态,中,生成时纳入公开来源清单；正式决策前需重新打开原链接复核。
智元机器人,智元机器人 落地案例来源,B,案例资料,https://www.agibot.com.cn/article/188/detail/101.html,unknown,2026-05-26,客户、场景、付费和持续运营证据,中,生成时纳入公开来源清单；正式决策前需重新打开原链接复核。
智元机器人,智元机器人 融资事件来源,B,官网/媒体,https://www.agibot.com.cn/,unknown,2026-05-26,融资、资本关注度和发展阶段,中,生成时纳入公开来源清单；正式决策前需重新打开原链接复核。
智元机器人,智元机器人 来源索引补充,B,来源索引,https://www.agibot.com.cn/article/188/detail/101.html,unknown,2026-05-26,智元机器人量产下线与产品矩阵,中,生成时纳入公开来源清单；正式决策前需重新打开原链接复核。
智元机器人,智元机器人 来源索引补充,B,来源索引,https://store.agibot.com/pages/about-us,unknown,2026-05-26,智元品牌和公司介绍,中,生成时纳入公开来源清单；正式决策前需重新打开原链接复核。
智元机器人,智元官网首页,B,官网,https://www.zhiyuan-robot.com/,unknown,2026-05-26,智元官网首页,中,生成时纳入公开来源清单；正式决策前需重新打开原链接复核。
智元机器人,智元机器人量产下线新闻,B,官网新闻,https://www.agibot.com.cn/article/188/detail/101.html,unknown,2026-05-26,智元机器人量产下线新闻,中,生成时纳入公开来源清单；正式决策前需重新打开原链接复核。
智元机器人,智元品牌介绍,B,官网介绍,https://store.agibot.com/pages/about-us,unknown,2026-05-26,智元品牌介绍,中,生成时纳入公开来源清单；正式决策前需重新打开原链接复核。
智元机器人,智元 2026 新品规划报道,C,媒体,https://www.eeo.com.cn/2026/0417/841531.shtml,unknown,2026-05-26,智元 2026 新品规划报道,中,生成时纳入公开来源清单；正式决策前需重新打开原链接复核。
智元机器人,智元一万台下线报道,C,媒体,https://auto.gasgoo.com/news/202603/30I70451632C601.shtml,unknown,2026-05-26,智元一万台下线报道,中,生成时纳入公开来源清单；正式决策前需重新打开原链接复核。
智元机器人,智元 2026 战略报道,C,媒体,https://finance.sina.com.cn/jjxw/2026-04-18/doc-inhuwwya1536748.shtml,unknown,2026-05-26,智元 2026 战略报道,中,生成时纳入公开来源清单；正式决策前需重新打开原链接复核。
智元机器人,智元机器人 公司基本定位复核,B,官网新闻,https://www.agibot.com.cn/article/188/detail/101.html,unknown,2026-05-26,公司基本定位复核,中,生成时纳入公开来源清单；正式决策前需重新打开原链接复核。
智元机器人,智元机器人 核心产品与形态复核,B,官网新闻,https://www.agibot.com.cn/article/188/detail/101.html,unknown,2026-05-26,核心产品与形态复核,中,生成时纳入公开来源清单；正式决策前需重新打开原链接复核。
智元机器人,智元机器人 目标场景与客户类型复核,B,官网新闻,https://www.agibot.com.cn/article/188/detail/101.html,unknown,2026-05-26,目标场景与客户类型复核,中,生成时纳入公开来源清单；正式决策前需重新打开原链接复核。
智元机器人,智元机器人 技术路线和软件栈复核,B,官网新闻,https://www.agibot.com.cn/article/188/detail/101.html,unknown,2026-05-26,技术路线和软件栈复核,中,生成时纳入公开来源清单；正式决策前需重新打开原链接复核。
智元机器人,智元机器人 商业化阶段复核,B,官网新闻,https://www.agibot.com.cn/article/188/detail/101.html,unknown,2026-05-26,商业化阶段复核,中,生成时纳入公开来源清单；正式决策前需重新打开原链接复核。
智元机器人,智元机器人 量产、交付和收入边界复核,B,官网新闻,https://www.agibot.com.cn/article/188/detail/101.html,unknown,2026-05-26,量产、交付和收入边界复核,中,生成时纳入公开来源清单；正式决策前需重新打开原链接复核。
智元机器人,智元机器人 供应链和关键零部件复核,B,官网新闻,https://www.agibot.com.cn/article/188/detail/101.html,unknown,2026-05-26,供应链和关键零部件复核,中,生成时纳入公开来源清单；正式决策前需重新打开原链接复核。
智元机器人,智元机器人 管理层合作风险复核,B,官网新闻,https://www.agibot.com.cn/article/188/detail/101.html,unknown,2026-05-26,管理层合作风险复核,中,生成时纳入公开来源清单；正式决策前需重新打开原链接复核。
智元机器人,智元机器人 未来 12 个月跟踪指标复核,B,官网新闻,https://www.agibot.com.cn/article/188/detail/101.html,unknown,2026-05-26,未来 12 个月跟踪指标复核,中,生成时纳入公开来源清单；正式决策前需重新打开原链接复核。
智元机器人,智元机器人 与同类公司横向对照复核,B,官网新闻,https://www.agibot.com.cn/article/188/detail/101.html,unknown,2026-05-26,与同类公司横向对照复核,中,生成时纳入公开来源清单；正式决策前需重新打开原链接复核。
智元机器人,智元机器人 公司基本定位复核,B,官网新闻,https://www.agibot.com.cn/article/188/detail/101.html,unknown,2026-05-26,公司基本定位复核,中,生成时纳入公开来源清单；正式决策前需重新打开原链接复核。
智元机器人,智元机器人 核心产品与形态复核,B,官网新闻,https://www.agibot.com.cn/article/188/detail/101.html,unknown,2026-05-26,核心产品与形态复核,中,生成时纳入公开来源清单；正式决策前需重新打开原链接复核。
智元机器人,智元机器人 目标场景与客户类型复核,B,官网新闻,https://www.agibot.com.cn/article/188/detail/101.html,unknown,2026-05-26,目标场景与客户类型复核,中,生成时纳入公开来源清单；正式决策前需重新打开原链接复核。
智元机器人,智元机器人 技术路线和软件栈复核,B,官网新闻,https://www.agibot.com.cn/article/188/detail/101.html,unknown,2026-05-26,技术路线和软件栈复核,中,生成时纳入公开来源清单；正式决策前需重新打开原链接复核。
智元机器人,智元机器人 商业化阶段复核,B,官网新闻,https://www.agibot.com.cn/article/188/detail/101.html,unknown,2026-05-26,商业化阶段复核,中,生成时纳入公开来源清单；正式决策前需重新打开原链接复核。
智元机器人,智元机器人 量产、交付和收入边界复核,B,官网新闻,https://www.agibot.com.cn/article/188/detail/101.html,unknown,2026-05-26,量产、交付和收入边界复核,中,生成时纳入公开来源清单；正式决策前需重新打开原链接复核。
智元机器人,智元机器人 供应链和关键零部件复核,B,官网新闻,https://www.agibot.com.cn/article/188/detail/101.html,unknown,2026-05-26,供应链和关键零部件复核,中,生成时纳入公开来源清单；正式决策前需重新打开原链接复核。
智元机器人,智元机器人 管理层合作风险复核,B,官网新闻,https://www.agibot.com.cn/article/188/detail/101.html,unknown,2026-05-26,管理层合作风险复核,中,生成时纳入公开来源清单；正式决策前需重新打开原链接复核。
松灵机器人,松灵机器人 公司库主来源,B,官网,https://global.agilex.ai/,unknown,2026-05-26,公司定位、产品线、场景与部署状态基础事实,中,生成时纳入公开来源清单；正式决策前需重新打开原链接复核。
松灵机器人,松灵机器人 来源索引补充,B,来源索引,https://global.agilex.ai/,unknown,2026-05-26,松灵机器人/AgileX,中,生成时纳入公开来源清单；正式决策前需重新打开原链接复核。
松灵机器人,松灵机器人 公司基本定位复核,B,官网,https://global.agilex.ai/,unknown,2026-05-26,公司基本定位复核,中,生成时纳入公开来源清单；正式决策前需重新打开原链接复核。
松灵机器人,松灵机器人 核心产品与形态复核,B,官网,https://global.agilex.ai/,unknown,2026-05-26,核心产品与形态复核,中,生成时纳入公开来源清单；正式决策前需重新打开原链接复核。
松灵机器人,松灵机器人 目标场景与客户类型复核,B,官网,https://global.agilex.ai/,unknown,2026-05-26,目标场景与客户类型复核,中,生成时纳入公开来源清单；正式决策前需重新打开原链接复核。
松灵机器人,松灵机器人 技术路线和软件栈复核,B,官网,https://global.agilex.ai/,unknown,2026-05-26,技术路线和软件栈复核,中,生成时纳入公开来源清单；正式决策前需重新打开原链接复核。
松灵机器人,松灵机器人 商业化阶段复核,B,官网,https://global.agilex.ai/,unknown,2026-05-26,商业化阶段复核,中,生成时纳入公开来源清单；正式决策前需重新打开原链接复核。
松灵机器人,松灵机器人 量产、交付和收入边界复核,B,官网,https://global.agilex.ai/,unknown,2026-05-26,量产、交付和收入边界复核,中,生成时纳入公开来源清单；正式决策前需重新打开原链接复核。
极智嘉/Geekplus,极智嘉/Geekplus 公司库主来源,B,官网,https://www.geekplus.com/,unknown,2026-05-26,公司定位、产品线、场景与部署状态基础事实,高,生成时纳入公开来源清单；正式决策前需重新打开原链接复核。
极智嘉/Geekplus,极智嘉/Geekplus 落地案例来源,B,案例资料,https://www.geekplus.com/,unknown,2026-05-26,客户、场景、付费和持续运营证据,中,生成时纳入公开来源清单；正式决策前需重新打开原链接复核。
极智嘉/Geekplus,极智嘉/Geekplus 来源索引补充,B,来源索引,https://www.geekplus.com/,unknown,2026-05-26,极智嘉,中,生成时纳入公开来源清单；正式决策前需重新打开原链接复核。
极智嘉/Geekplus,极智嘉/Geekplus 公司基本定位复核,B,官网,https://www.geekplus.com/,unknown,2026-05-26,公司基本定位复核,高,生成时纳入公开来源清单；正式决策前需重新打开原链接复核。
极智嘉/Geekplus,极智嘉/Geekplus 核心产品与形态复核,B,官网,https://www.geekplus.com/,unknown,2026-05-26,核心产品与形态复核,高,生成时纳入公开来源清单；正式决策前需重新打开原链接复核。
极智嘉/Geekplus,极智嘉/Geekplus 目标场景与客户类型复核,B,官网,https://www.geekplus.com/,unknown,2026-05-26,目标场景与客户类型复核,高,生成时纳入公开来源清单；正式决策前需重新打开原链接复核。
极智嘉/Geekplus,极智嘉/Geekplus 技术路线和软件栈复核,B,官网,https://www.geekplus.com/,unknown,2026-05-26,技术路线和软件栈复核,高,生成时纳入公开来源清单；正式决策前需重新打开原链接复核。
极智嘉/Geekplus,极智嘉/Geekplus 商业化阶段复核,B,官网,https://www.geekplus.com/,unknown,2026-05-26,商业化阶段复核,高,生成时纳入公开来源清单；正式决策前需重新打开原链接复核。
梅卡曼德机器人,梅卡曼德机器人 公司库主来源,B,官网,https://www.mech-mind.com/,unknown,2026-05-26,公司定位、产品线、场景与部署状态基础事实,高,生成时纳入公开来源清单；正式决策前需重新打开原链接复核。
梅卡曼德机器人,梅卡曼德机器人 落地案例来源,B,案例资料,https://www.mech-mind.com/,unknown,2026-05-26,客户、场景、付费和持续运营证据,中,生成时纳入公开来源清单；正式决策前需重新打开原链接复核。
梅卡曼德机器人,梅卡曼德机器人 来源索引补充,B,来源索引,https://www.mech-mind.com/,unknown,2026-05-26,梅卡曼德工业 3D 视觉与具身智能眼脑手平台,中,生成时纳入公开来源清单；正式决策前需重新打开原链接复核。
梅卡曼德机器人,梅卡曼德机器人 公司基本定位复核,B,官网,https://www.mech-mind.com/,unknown,2026-05-26,公司基本定位复核,高,生成时纳入公开来源清单；正式决策前需重新打开原链接复核。
梅卡曼德机器人,梅卡曼德机器人 核心产品与形态复核,B,官网,https://www.mech-mind.com/,unknown,2026-05-26,核心产品与形态复核,高,生成时纳入公开来源清单；正式决策前需重新打开原链接复核。
梅卡曼德机器人,梅卡曼德机器人 目标场景与客户类型复核,B,官网,https://www.mech-mind.com/,unknown,2026-05-26,目标场景与客户类型复核,高,生成时纳入公开来源清单；正式决策前需重新打开原链接复核。
梅卡曼德机器人,梅卡曼德机器人 技术路线和软件栈复核,B,官网,https://www.mech-mind.com/,unknown,2026-05-26,技术路线和软件栈复核,高,生成时纳入公开来源清单；正式决策前需重新打开原链接复核。
梅卡曼德机器人,梅卡曼德机器人 商业化阶段复核,B,官网,https://www.mech-mind.com/,unknown,2026-05-26,商业化阶段复核,高,生成时纳入公开来源清单；正式决策前需重新打开原链接复核。
汇川技术,汇川技术 公司库主来源,A,官网/上市公司,https://www.inovance.com/,unknown,2026-05-26,公司定位、产品线、场景与部署状态基础事实,高,生成时纳入公开来源清单；正式决策前需重新打开原链接复核。
汇川技术,汇川技术 来源索引补充,B,来源索引,https://www.inovance.com/,unknown,2026-05-26,汇川技术,中,生成时纳入公开来源清单；正式决策前需重新打开原链接复核。
汇川技术,汇川技术 公司基本定位复核,A,官网/上市公司,https://www.inovance.com/,unknown,2026-05-26,公司基本定位复核,高,生成时纳入公开来源清单；正式决策前需重新打开原链接复核。
汇川技术,汇川技术 核心产品与形态复核,A,官网/上市公司,https://www.inovance.com/,unknown,2026-05-26,核心产品与形态复核,高,生成时纳入公开来源清单；正式决策前需重新打开原链接复核。
汇川技术,汇川技术 目标场景与客户类型复核,A,官网/上市公司,https://www.inovance.com/,unknown,2026-05-26,目标场景与客户类型复核,高,生成时纳入公开来源清单；正式决策前需重新打开原链接复核。
汇川技术,汇川技术 技术路线和软件栈复核,A,官网/上市公司,https://www.inovance.com/,unknown,2026-05-26,技术路线和软件栈复核,高,生成时纳入公开来源清单；正式决策前需重新打开原链接复核。
汇川技术,汇川技术 商业化阶段复核,A,官网/上市公司,https://www.inovance.com/,unknown,2026-05-26,商业化阶段复核,高,生成时纳入公开来源清单；正式决策前需重新打开原链接复核。
汇川技术,汇川技术 量产、交付和收入边界复核,A,官网/上市公司,https://www.inovance.com/,unknown,2026-05-26,量产、交付和收入边界复核,高,生成时纳入公开来源清单；正式决策前需重新打开原链接复核。
海康机器人,海康机器人 公司库主来源,B,官网,https://www.hikrobotics.com/,unknown,2026-05-26,公司定位、产品线、场景与部署状态基础事实,高,生成时纳入公开来源清单；正式决策前需重新打开原链接复核。
海康机器人,海康机器人 落地案例来源,B,案例资料,https://www.hikrobotics.com/,unknown,2026-05-26,客户、场景、付费和持续运营证据,中,生成时纳入公开来源清单；正式决策前需重新打开原链接复核。
海康机器人,海康机器人 来源索引补充,B,来源索引,https://www.hikrobotics.com/,unknown,2026-05-26,海康机器人,中,生成时纳入公开来源清单；正式决策前需重新打开原链接复核。
海康机器人,海康机器人 公司基本定位复核,B,官网,https://www.hikrobotics.com/,unknown,2026-05-26,公司基本定位复核,高,生成时纳入公开来源清单；正式决策前需重新打开原链接复核。
海康机器人,海康机器人 核心产品与形态复核,B,官网,https://www.hikrobotics.com/,unknown,2026-05-26,核心产品与形态复核,高,生成时纳入公开来源清单；正式决策前需重新打开原链接复核。
海康机器人,海康机器人 目标场景与客户类型复核,B,官网,https://www.hikrobotics.com/,unknown,2026-05-26,目标场景与客户类型复核,高,生成时纳入公开来源清单；正式决策前需重新打开原链接复核。
海康机器人,海康机器人 技术路线和软件栈复核,B,官网,https://www.hikrobotics.com/,unknown,2026-05-26,技术路线和软件栈复核,高,生成时纳入公开来源清单；正式决策前需重新打开原链接复核。
海康机器人,海康机器人 商业化阶段复核,B,官网,https://www.hikrobotics.com/,unknown,2026-05-26,商业化阶段复核,高,生成时纳入公开来源清单；正式决策前需重新打开原链接复核。
珞石机器人,珞石机器人 公司库主来源,B,官网,https://www.rokae.com/,unknown,2026-05-26,公司定位、产品线、场景与部署状态基础事实,中,生成时纳入公开来源清单；正式决策前需重新打开原链接复核。
珞石机器人,珞石机器人 来源索引补充,B,来源索引,https://www.rokae.com/,unknown,2026-05-26,珞石机器人,中,生成时纳入公开来源清单；正式决策前需重新打开原链接复核。
珞石机器人,珞石机器人 公司基本定位复核,B,官网,https://www.rokae.com/,unknown,2026-05-26,公司基本定位复核,中,生成时纳入公开来源清单；正式决策前需重新打开原链接复核。
珞石机器人,珞石机器人 核心产品与形态复核,B,官网,https://www.rokae.com/,unknown,2026-05-26,核心产品与形态复核,中,生成时纳入公开来源清单；正式决策前需重新打开原链接复核。
珞石机器人,珞石机器人 目标场景与客户类型复核,B,官网,https://www.rokae.com/,unknown,2026-05-26,目标场景与客户类型复核,中,生成时纳入公开来源清单；正式决策前需重新打开原链接复核。
珞石机器人,珞石机器人 技术路线和软件栈复核,B,官网,https://www.rokae.com/,unknown,2026-05-26,技术路线和软件栈复核,中,生成时纳入公开来源清单；正式决策前需重新打开原链接复核。
珞石机器人,珞石机器人 商业化阶段复核,B,官网,https://www.rokae.com/,unknown,2026-05-26,商业化阶段复核,中,生成时纳入公开来源清单；正式决策前需重新打开原链接复核。
珞石机器人,珞石机器人 量产、交付和收入边界复核,B,官网,https://www.rokae.com/,unknown,2026-05-26,量产、交付和收入边界复核,中,生成时纳入公开来源清单；正式决策前需重新打开原链接复核。
禾赛科技,禾赛科技 公司库主来源,A,官网/上市公司,https://www.hesaitech.com/,unknown,2026-05-26,公司定位、产品线、场景与部署状态基础事实,高,生成时纳入公开来源清单；正式决策前需重新打开原链接复核。
禾赛科技,禾赛科技 来源索引补充,B,来源索引,https://www.hesaitech.com/,unknown,2026-05-26,禾赛科技,中,生成时纳入公开来源清单；正式决策前需重新打开原链接复核。
禾赛科技,禾赛科技 公司基本定位复核,A,官网/上市公司,https://www.hesaitech.com/,unknown,2026-05-26,公司基本定位复核,高,生成时纳入公开来源清单；正式决策前需重新打开原链接复核。
禾赛科技,禾赛科技 核心产品与形态复核,A,官网/上市公司,https://www.hesaitech.com/,unknown,2026-05-26,核心产品与形态复核,高,生成时纳入公开来源清单；正式决策前需重新打开原链接复核。
禾赛科技,禾赛科技 目标场景与客户类型复核,A,官网/上市公司,https://www.hesaitech.com/,unknown,2026-05-26,目标场景与客户类型复核,高,生成时纳入公开来源清单；正式决策前需重新打开原链接复核。
禾赛科技,禾赛科技 技术路线和软件栈复核,A,官网/上市公司,https://www.hesaitech.com/,unknown,2026-05-26,技术路线和软件栈复核,高,生成时纳入公开来源清单；正式决策前需重新打开原链接复核。
禾赛科技,禾赛科技 商业化阶段复核,A,官网/上市公司,https://www.hesaitech.com/,unknown,2026-05-26,商业化阶段复核,高,生成时纳入公开来源清单；正式决策前需重新打开原链接复核。
禾赛科技,禾赛科技 量产、交付和收入边界复核,A,官网/上市公司,https://www.hesaitech.com/,unknown,2026-05-26,量产、交付和收入边界复核,高,生成时纳入公开来源清单；正式决策前需重新打开原链接复核。
科沃斯,科沃斯 公司库主来源,A,官网/上市公司,https://www.ecovacs.com/,unknown,2026-05-26,公司定位、产品线、场景与部署状态基础事实,高,生成时纳入公开来源清单；正式决策前需重新打开原链接复核。
科沃斯,科沃斯 落地案例来源,A,案例资料,https://www.ecovacs.com/,unknown,2026-05-26,客户、场景、付费和持续运营证据,中,生成时纳入公开来源清单；正式决策前需重新打开原链接复核。
科沃斯,科沃斯 来源索引补充,B,来源索引,https://www.ecovacs.com/,unknown,2026-05-26,科沃斯,中,生成时纳入公开来源清单；正式决策前需重新打开原链接复核。
科沃斯,科沃斯 公司基本定位复核,A,官网/上市公司,https://www.ecovacs.com/,unknown,2026-05-26,公司基本定位复核,高,生成时纳入公开来源清单；正式决策前需重新打开原链接复核。
科沃斯,科沃斯 核心产品与形态复核,A,官网/上市公司,https://www.ecovacs.com/,unknown,2026-05-26,核心产品与形态复核,高,生成时纳入公开来源清单；正式决策前需重新打开原链接复核。
科沃斯,科沃斯 目标场景与客户类型复核,A,官网/上市公司,https://www.ecovacs.com/,unknown,2026-05-26,目标场景与客户类型复核,高,生成时纳入公开来源清单；正式决策前需重新打开原链接复核。
科沃斯,科沃斯 技术路线和软件栈复核,A,官网/上市公司,https://www.ecovacs.com/,unknown,2026-05-26,技术路线和软件栈复核,高,生成时纳入公开来源清单；正式决策前需重新打开原链接复核。
科沃斯,科沃斯 商业化阶段复核,A,官网/上市公司,https://www.ecovacs.com/,unknown,2026-05-26,商业化阶段复核,高,生成时纳入公开来源清单；正式决策前需重新打开原链接复核。
绿的谐波,绿的谐波 公司库主来源,A,官网/上市公司,https://www.leaderdrive.com/,unknown,2026-05-26,公司定位、产品线、场景与部署状态基础事实,高,生成时纳入公开来源清单；正式决策前需重新打开原链接复核。
绿的谐波,绿的谐波 来源索引补充,B,来源索引,https://www.leaderdrive.com/,unknown,2026-05-26,绿的谐波,中,生成时纳入公开来源清单；正式决策前需重新打开原链接复核。
绿的谐波,绿的谐波 公司基本定位复核,A,官网/上市公司,https://www.leaderdrive.com/,unknown,2026-05-26,公司基本定位复核,高,生成时纳入公开来源清单；正式决策前需重新打开原链接复核。
绿的谐波,绿的谐波 核心产品与形态复核,A,官网/上市公司,https://www.leaderdrive.com/,unknown,2026-05-26,核心产品与形态复核,高,生成时纳入公开来源清单；正式决策前需重新打开原链接复核。
绿的谐波,绿的谐波 目标场景与客户类型复核,A,官网/上市公司,https://www.leaderdrive.com/,unknown,2026-05-26,目标场景与客户类型复核,高,生成时纳入公开来源清单；正式决策前需重新打开原链接复核。
绿的谐波,绿的谐波 技术路线和软件栈复核,A,官网/上市公司,https://www.leaderdrive.com/,unknown,2026-05-26,技术路线和软件栈复核,高,生成时纳入公开来源清单；正式决策前需重新打开原链接复核。
绿的谐波,绿的谐波 商业化阶段复核,A,官网/上市公司,https://www.leaderdrive.com/,unknown,2026-05-26,商业化阶段复核,高,生成时纳入公开来源清单；正式决策前需重新打开原链接复核。
绿的谐波,绿的谐波 量产、交付和收入边界复核,A,官网/上市公司,https://www.leaderdrive.com/,unknown,2026-05-26,量产、交付和收入边界复核,高,生成时纳入公开来源清单；正式决策前需重新打开原链接复核。
艾利特机器人,艾利特机器人 公司库主来源,B,官网,https://www.elibot.cn/,unknown,2026-05-26,公司定位、产品线、场景与部署状态基础事实,中,生成时纳入公开来源清单；正式决策前需重新打开原链接复核。
艾利特机器人,艾利特机器人 来源索引补充,B,来源索引,https://www.elibot.cn/,unknown,2026-05-26,艾利特机器人,中,生成时纳入公开来源清单；正式决策前需重新打开原链接复核。
艾利特机器人,艾利特机器人 公司基本定位复核,B,官网,https://www.elibot.cn/,unknown,2026-05-26,公司基本定位复核,中,生成时纳入公开来源清单；正式决策前需重新打开原链接复核。
艾利特机器人,艾利特机器人 核心产品与形态复核,B,官网,https://www.elibot.cn/,unknown,2026-05-26,核心产品与形态复核,中,生成时纳入公开来源清单；正式决策前需重新打开原链接复核。
艾利特机器人,艾利特机器人 目标场景与客户类型复核,B,官网,https://www.elibot.cn/,unknown,2026-05-26,目标场景与客户类型复核,中,生成时纳入公开来源清单；正式决策前需重新打开原链接复核。
艾利特机器人,艾利特机器人 技术路线和软件栈复核,B,官网,https://www.elibot.cn/,unknown,2026-05-26,技术路线和软件栈复核,中,生成时纳入公开来源清单；正式决策前需重新打开原链接复核。
艾利特机器人,艾利特机器人 商业化阶段复核,B,官网,https://www.elibot.cn/,unknown,2026-05-26,商业化阶段复核,中,生成时纳入公开来源清单；正式决策前需重新打开原链接复核。
艾利特机器人,艾利特机器人 量产、交付和收入边界复核,B,官网,https://www.elibot.cn/,unknown,2026-05-26,量产、交付和收入边界复核,中,生成时纳入公开来源清单；正式决策前需重新打开原链接复核。
节卡机器人,节卡机器人 公司库主来源,B,官网,https://www.jaka.com/,unknown,2026-05-26,公司定位、产品线、场景与部署状态基础事实,高,生成时纳入公开来源清单；正式决策前需重新打开原链接复核。
节卡机器人,节卡机器人 落地案例来源,B,案例资料,https://www.jaka.com/,unknown,2026-05-26,客户、场景、付费和持续运营证据,中,生成时纳入公开来源清单；正式决策前需重新打开原链接复核。
节卡机器人,节卡机器人 来源索引补充,B,来源索引,https://www.jaka.com/,unknown,2026-05-26,节卡协作机器人,中,生成时纳入公开来源清单；正式决策前需重新打开原链接复核。
节卡机器人,节卡机器人 公司基本定位复核,B,官网,https://www.jaka.com/,unknown,2026-05-26,公司基本定位复核,高,生成时纳入公开来源清单；正式决策前需重新打开原链接复核。
节卡机器人,节卡机器人 核心产品与形态复核,B,官网,https://www.jaka.com/,unknown,2026-05-26,核心产品与形态复核,高,生成时纳入公开来源清单；正式决策前需重新打开原链接复核。
节卡机器人,节卡机器人 目标场景与客户类型复核,B,官网,https://www.jaka.com/,unknown,2026-05-26,目标场景与客户类型复核,高,生成时纳入公开来源清单；正式决策前需重新打开原链接复核。
节卡机器人,节卡机器人 技术路线和软件栈复核,B,官网,https://www.jaka.com/,unknown,2026-05-26,技术路线和软件栈复核,高,生成时纳入公开来源清单；正式决策前需重新打开原链接复核。
节卡机器人,节卡机器人 商业化阶段复核,B,官网,https://www.jaka.com/,unknown,2026-05-26,商业化阶段复核,高,生成时纳入公开来源清单；正式决策前需重新打开原链接复核。
越疆科技,越疆科技 公司库主来源,B,官网,https://www.dobot-robots.com/,unknown,2026-05-26,公司定位、产品线、场景与部署状态基础事实,高,生成时纳入公开来源清单；正式决策前需重新打开原链接复核。
越疆科技,越疆科技 落地案例来源,B,案例资料,https://www.dobot-robots.com/,unknown,2026-05-26,客户、场景、付费和持续运营证据,中,生成时纳入公开来源清单；正式决策前需重新打开原链接复核。
越疆科技,越疆科技 来源索引补充,B,来源索引,https://www.dobot-robots.com/,unknown,2026-05-26,越疆科技协作机器人,中,生成时纳入公开来源清单；正式决策前需重新打开原链接复核。
越疆科技,越疆科技 公司基本定位复核,B,官网,https://www.dobot-robots.com/,unknown,2026-05-26,公司基本定位复核,高,生成时纳入公开来源清单；正式决策前需重新打开原链接复核。
越疆科技,越疆科技 核心产品与形态复核,B,官网,https://www.dobot-robots.com/,unknown,2026-05-26,核心产品与形态复核,高,生成时纳入公开来源清单；正式决策前需重新打开原链接复核。
越疆科技,越疆科技 目标场景与客户类型复核,B,官网,https://www.dobot-robots.com/,unknown,2026-05-26,目标场景与客户类型复核,高,生成时纳入公开来源清单；正式决策前需重新打开原链接复核。
越疆科技,越疆科技 技术路线和软件栈复核,B,官网,https://www.dobot-robots.com/,unknown,2026-05-26,技术路线和软件栈复核,高,生成时纳入公开来源清单；正式决策前需重新打开原链接复核。
越疆科技,越疆科技 商业化阶段复核,B,官网,https://www.dobot-robots.com/,unknown,2026-05-26,商业化阶段复核,高,生成时纳入公开来源清单；正式决策前需重新打开原链接复核。
达闼机器人,达闼机器人 公司库主来源,B,官网,https://www.cloudminds.com/,unknown,2026-05-26,公司定位、产品线、场景与部署状态基础事实,中,生成时纳入公开来源清单；正式决策前需重新打开原链接复核。
达闼机器人,达闼机器人 落地案例来源,B,案例资料,https://www.cloudminds.com/,unknown,2026-05-26,客户、场景、付费和持续运营证据,中,生成时纳入公开来源清单；正式决策前需重新打开原链接复核。
达闼机器人,达闼机器人 来源索引补充,B,来源索引,https://www.cloudminds.com/,unknown,2026-05-26,达闼机器人云端机器人,中,生成时纳入公开来源清单；正式决策前需重新打开原链接复核。
达闼机器人,达闼机器人 公司基本定位复核,B,官网,https://www.cloudminds.com/,unknown,2026-05-26,公司基本定位复核,中,生成时纳入公开来源清单；正式决策前需重新打开原链接复核。
达闼机器人,达闼机器人 核心产品与形态复核,B,官网,https://www.cloudminds.com/,unknown,2026-05-26,核心产品与形态复核,中,生成时纳入公开来源清单；正式决策前需重新打开原链接复核。
达闼机器人,达闼机器人 目标场景与客户类型复核,B,官网,https://www.cloudminds.com/,unknown,2026-05-26,目标场景与客户类型复核,中,生成时纳入公开来源清单；正式决策前需重新打开原链接复核。
达闼机器人,达闼机器人 技术路线和软件栈复核,B,官网,https://www.cloudminds.com/,unknown,2026-05-26,技术路线和软件栈复核,中,生成时纳入公开来源清单；正式决策前需重新打开原链接复核。
达闼机器人,达闼机器人 商业化阶段复核,B,官网,https://www.cloudminds.com/,unknown,2026-05-26,商业化阶段复核,中,生成时纳入公开来源清单；正式决策前需重新打开原链接复核。
追觅科技,追觅科技 公司库主来源,B,官网,https://www.dreametech.com/,unknown,2026-05-26,公司定位、产品线、场景与部署状态基础事实,中,生成时纳入公开来源清单；正式决策前需重新打开原链接复核。
追觅科技,追觅科技 落地案例来源,B,案例资料,https://www.dreametech.com/,unknown,2026-05-26,客户、场景、付费和持续运营证据,中,生成时纳入公开来源清单；正式决策前需重新打开原链接复核。
追觅科技,追觅科技 来源索引补充,B,来源索引,https://www.dreametech.com/,unknown,2026-05-26,追觅科技,中,生成时纳入公开来源清单；正式决策前需重新打开原链接复核。
追觅科技,追觅科技 公司基本定位复核,B,官网,https://www.dreametech.com/,unknown,2026-05-26,公司基本定位复核,中,生成时纳入公开来源清单；正式决策前需重新打开原链接复核。
追觅科技,追觅科技 核心产品与形态复核,B,官网,https://www.dreametech.com/,unknown,2026-05-26,核心产品与形态复核,中,生成时纳入公开来源清单；正式决策前需重新打开原链接复核。
追觅科技,追觅科技 目标场景与客户类型复核,B,官网,https://www.dreametech.com/,unknown,2026-05-26,目标场景与客户类型复核,中,生成时纳入公开来源清单；正式决策前需重新打开原链接复核。
追觅科技,追觅科技 技术路线和软件栈复核,B,官网,https://www.dreametech.com/,unknown,2026-05-26,技术路线和软件栈复核,中,生成时纳入公开来源清单；正式决策前需重新打开原链接复核。
追觅科技,追觅科技 商业化阶段复核,B,官网,https://www.dreametech.com/,unknown,2026-05-26,商业化阶段复核,中,生成时纳入公开来源清单；正式决策前需重新打开原链接复核。
逐际动力,逐际动力 公司库主来源,B,官网,https://www.limxdynamics.com/en,unknown,2026-05-26,公司定位、产品线、场景与部署状态基础事实,中,生成时纳入公开来源清单；正式决策前需重新打开原链接复核。
逐际动力,逐际动力 产品库来源,B,官网新闻,https://www.limxdynamics.com/en/news/BK000040,unknown,2026-05-26,产品矩阵、参数和生产状态,中,生成时纳入公开来源清单；正式决策前需重新打开原链接复核。
逐际动力,逐际动力 落地案例来源,B,案例资料,https://www.limxdynamics.com/en/news/BK000040,unknown,2026-05-26,客户、场景、付费和持续运营证据,中,生成时纳入公开来源清单；正式决策前需重新打开原链接复核。
逐际动力,逐际动力 融资事件来源,B,官网新闻,https://www.limxdynamics.com/en,unknown,2026-05-26,融资、资本关注度和发展阶段,中,生成时纳入公开来源清单；正式决策前需重新打开原链接复核。
逐际动力,逐际动力 来源索引补充,B,来源索引,https://www.limxdynamics.com/en,unknown,2026-05-26,逐际动力产品矩阵和新闻,中,生成时纳入公开来源清单；正式决策前需重新打开原链接复核。
逐际动力,LimX Dynamics 官网,B,官网,https://www.limxdynamics.com/en,unknown,2026-05-26,LimX Dynamics 官网,中,生成时纳入公开来源清单；正式决策前需重新打开原链接复核。
逐际动力,逐际动力中文官网,B,官网,https://limxdynamics.com/,unknown,2026-05-26,逐际动力中文官网,中,生成时纳入公开来源清单；正式决策前需重新打开原链接复核。
逐际动力,TRON 1 产品发布,B,官网新闻,https://www.limxdynamics.com/en/news/BK000040,unknown,2026-05-26,TRON 1 产品发布,中,生成时纳入公开来源清单；正式决策前需重新打开原链接复核。
逐际动力,LimX 文档中心,B,官网文档,https://www.limxdynamics.com/en/documents,unknown,2026-05-26,LimX 文档中心,中,生成时纳入公开来源清单；正式决策前需重新打开原链接复核。
逐际动力,逐际动力 公司基本定位复核,B,官网,https://www.limxdynamics.com/en,unknown,2026-05-26,公司基本定位复核,中,生成时纳入公开来源清单；正式决策前需重新打开原链接复核。
逐际动力,逐际动力 核心产品与形态复核,B,官网,https://www.limxdynamics.com/en,unknown,2026-05-26,核心产品与形态复核,中,生成时纳入公开来源清单；正式决策前需重新打开原链接复核。
逐际动力,逐际动力 目标场景与客户类型复核,B,官网,https://www.limxdynamics.com/en,unknown,2026-05-26,目标场景与客户类型复核,中,生成时纳入公开来源清单；正式决策前需重新打开原链接复核。
逐际动力,逐际动力 技术路线和软件栈复核,B,官网,https://www.limxdynamics.com/en,unknown,2026-05-26,技术路线和软件栈复核,中,生成时纳入公开来源清单；正式决策前需重新打开原链接复核。
逐际动力,逐际动力 商业化阶段复核,B,官网,https://www.limxdynamics.com/en,unknown,2026-05-26,商业化阶段复核,中,生成时纳入公开来源清单；正式决策前需重新打开原链接复核。
逐际动力,逐际动力 量产、交付和收入边界复核,B,官网,https://www.limxdynamics.com/en,unknown,2026-05-26,量产、交付和收入边界复核,中,生成时纳入公开来源清单；正式决策前需重新打开原链接复核。
逐际动力,逐际动力 供应链和关键零部件复核,B,官网,https://www.limxdynamics.com/en,unknown,2026-05-26,供应链和关键零部件复核,中,生成时纳入公开来源清单；正式决策前需重新打开原链接复核。
逐际动力,逐际动力 管理层合作风险复核,B,官网,https://www.limxdynamics.com/en,unknown,2026-05-26,管理层合作风险复核,中,生成时纳入公开来源清单；正式决策前需重新打开原链接复核。
逐际动力,逐际动力 未来 12 个月跟踪指标复核,B,官网,https://www.limxdynamics.com/en,unknown,2026-05-26,未来 12 个月跟踪指标复核,中,生成时纳入公开来源清单；正式决策前需重新打开原链接复核。
逐际动力,逐际动力 与同类公司横向对照复核,B,官网,https://www.limxdynamics.com/en,unknown,2026-05-26,与同类公司横向对照复核,中,生成时纳入公开来源清单；正式决策前需重新打开原链接复核。
逐际动力,逐际动力 公司基本定位复核,B,官网,https://www.limxdynamics.com/en,unknown,2026-05-26,公司基本定位复核,中,生成时纳入公开来源清单；正式决策前需重新打开原链接复核。
逐际动力,逐际动力 核心产品与形态复核,B,官网,https://www.limxdynamics.com/en,unknown,2026-05-26,核心产品与形态复核,中,生成时纳入公开来源清单；正式决策前需重新打开原链接复核。
逐际动力,逐际动力 目标场景与客户类型复核,B,官网,https://www.limxdynamics.com/en,unknown,2026-05-26,目标场景与客户类型复核,中,生成时纳入公开来源清单；正式决策前需重新打开原链接复核。
逐际动力,逐际动力 技术路线和软件栈复核,B,官网,https://www.limxdynamics.com/en,unknown,2026-05-26,技术路线和软件栈复核,中,生成时纳入公开来源清单；正式决策前需重新打开原链接复核。
逐际动力,逐际动力 商业化阶段复核,B,官网,https://www.limxdynamics.com/en,unknown,2026-05-26,商业化阶段复核,中,生成时纳入公开来源清单；正式决策前需重新打开原链接复核。
逐际动力,逐际动力 量产、交付和收入边界复核,B,官网,https://www.limxdynamics.com/en,unknown,2026-05-26,量产、交付和收入边界复核,中,生成时纳入公开来源清单；正式决策前需重新打开原链接复核。
逐际动力,逐际动力 供应链和关键零部件复核,B,官网,https://www.limxdynamics.com/en,unknown,2026-05-26,供应链和关键零部件复核,中,生成时纳入公开来源清单；正式决策前需重新打开原链接复核。
逐际动力,逐际动力 管理层合作风险复核,B,官网,https://www.limxdynamics.com/en,unknown,2026-05-26,管理层合作风险复核,中,生成时纳入公开来源清单；正式决策前需重新打开原链接复核。
逐际动力,逐际动力 未来 12 个月跟踪指标复核,B,官网,https://www.limxdynamics.com/en,unknown,2026-05-26,未来 12 个月跟踪指标复核,中,生成时纳入公开来源清单；正式决策前需重新打开原链接复核。
逐际动力,逐际动力 与同类公司横向对照复核,B,官网,https://www.limxdynamics.com/en,unknown,2026-05-26,与同类公司横向对照复核,中,生成时纳入公开来源清单；正式决策前需重新打开原链接复核。
逐际动力,逐际动力 公司基本定位复核,B,官网,https://www.limxdynamics.com/en,unknown,2026-05-26,公司基本定位复核,中,生成时纳入公开来源清单；正式决策前需重新打开原链接复核。
速腾聚创,速腾聚创 公司库主来源,A,官网/上市公司,https://www.robosense.ai/,unknown,2026-05-26,公司定位、产品线、场景与部署状态基础事实,高,生成时纳入公开来源清单；正式决策前需重新打开原链接复核。
速腾聚创,速腾聚创 落地案例来源,A,案例资料,https://www.robosense.ai/,unknown,2026-05-26,客户、场景、付费和持续运营证据,中,生成时纳入公开来源清单；正式决策前需重新打开原链接复核。
速腾聚创,速腾聚创 来源索引补充,B,来源索引,https://www.robosense.ai/,unknown,2026-05-26,速腾聚创,中,生成时纳入公开来源清单；正式决策前需重新打开原链接复核。
速腾聚创,速腾聚创 公司基本定位复核,A,官网/上市公司,https://www.robosense.ai/,unknown,2026-05-26,公司基本定位复核,高,生成时纳入公开来源清单；正式决策前需重新打开原链接复核。
速腾聚创,速腾聚创 核心产品与形态复核,A,官网/上市公司,https://www.robosense.ai/,unknown,2026-05-26,核心产品与形态复核,高,生成时纳入公开来源清单；正式决策前需重新打开原链接复核。
速腾聚创,速腾聚创 目标场景与客户类型复核,A,官网/上市公司,https://www.robosense.ai/,unknown,2026-05-26,目标场景与客户类型复核,高,生成时纳入公开来源清单；正式决策前需重新打开原链接复核。
速腾聚创,速腾聚创 技术路线和软件栈复核,A,官网/上市公司,https://www.robosense.ai/,unknown,2026-05-26,技术路线和软件栈复核,高,生成时纳入公开来源清单；正式决策前需重新打开原链接复核。
速腾聚创,速腾聚创 商业化阶段复核,A,官网/上市公司,https://www.robosense.ai/,unknown,2026-05-26,商业化阶段复核,高,生成时纳入公开来源清单；正式决策前需重新打开原链接复核。
遨博智能,遨博智能 公司库主来源,B,官网,https://www.aubo-cobot.com/public/,unknown,2026-05-26,公司定位、产品线、场景与部署状态基础事实,高,生成时纳入公开来源清单；正式决策前需重新打开原链接复核。
遨博智能,遨博智能 落地案例来源,B,案例资料,https://www.aubo-cobot.com/public/,unknown,2026-05-26,客户、场景、付费和持续运营证据,中,生成时纳入公开来源清单；正式决策前需重新打开原链接复核。
遨博智能,遨博智能 公司基本定位复核,B,官网,https://www.aubo-cobot.com/public/,unknown,2026-05-26,公司基本定位复核,高,生成时纳入公开来源清单；正式决策前需重新打开原链接复核。
遨博智能,遨博智能 核心产品与形态复核,B,官网,https://www.aubo-cobot.com/public/,unknown,2026-05-26,核心产品与形态复核,高,生成时纳入公开来源清单；正式决策前需重新打开原链接复核。
遨博智能,遨博智能 目标场景与客户类型复核,B,官网,https://www.aubo-cobot.com/public/,unknown,2026-05-26,目标场景与客户类型复核,高,生成时纳入公开来源清单；正式决策前需重新打开原链接复核。
遨博智能,遨博智能 技术路线和软件栈复核,B,官网,https://www.aubo-cobot.com/public/,unknown,2026-05-26,技术路线和软件栈复核,高,生成时纳入公开来源清单；正式决策前需重新打开原链接复核。
遨博智能,遨博智能 商业化阶段复核,B,官网,https://www.aubo-cobot.com/public/,unknown,2026-05-26,商业化阶段复核,高,生成时纳入公开来源清单；正式决策前需重新打开原链接复核。
遨博智能,遨博智能 量产、交付和收入边界复核,B,官网,https://www.aubo-cobot.com/public/,unknown,2026-05-26,量产、交付和收入边界复核,高,生成时纳入公开来源清单；正式决策前需重新打开原链接复核。
银河通用,银河通用 公司库主来源,C,媒体报道,https://cn.chinadaily.com.cn/a/202506/09/WS6846952da3102053770372d4.html,unknown,2026-05-26,公司定位、产品线、场景与部署状态基础事实,中,生成时纳入公开来源清单；正式决策前需重新打开原链接复核。
银河通用,银河通用 产品库来源,C,媒体报道,https://cn.chinadaily.com.cn/a/202506/09/WS6846952da3102053770372d4.html,unknown,2026-05-26,产品矩阵、参数和生产状态,中,生成时纳入公开来源清单；正式决策前需重新打开原链接复核。
银河通用,银河通用 落地案例来源,C,案例资料,https://cn.chinadaily.com.cn/a/202506/09/WS6846952da3102053770372d4.html,unknown,2026-05-26,客户、场景、付费和持续运营证据,中,生成时纳入公开来源清单；正式决策前需重新打开原链接复核。
银河通用,银河通用 融资事件来源,C,媒体报道,https://cn.chinadaily.com.cn/a/202506/09/WS6846952da3102053770372d4.html,unknown,2026-05-26,融资、资本关注度和发展阶段,中,生成时纳入公开来源清单；正式决策前需重新打开原链接复核。
银河通用,银河通用 来源索引补充,B,来源索引,https://cn.chinadaily.com.cn/a/202506/09/WS6846952da3102053770372d4.html,unknown,2026-05-26,银河通用融资、零售展示和产业化计划,中,生成时纳入公开来源清单；正式决策前需重新打开原链接复核。
银河通用,银河通用融资与零售报道,C,媒体报道,https://cn.chinadaily.com.cn/a/202506/09/WS6846952da3102053770372d4.html,unknown,2026-05-26,银河通用融资与零售报道,中,生成时纳入公开来源清单；正式决策前需重新打开原链接复核。
银河通用,Galbot G1 第三方产品资料,C,产品资料,https://www.robotsasia.com/Galbot-G1.htm,unknown,2026-05-26,Galbot G1 第三方产品资料,中,生成时纳入公开来源清单；正式决策前需重新打开原链接复核。
银河通用,Galbot G1 技术资料,C,产品资料,https://ui44.com/robots/galbot-g1,unknown,2026-05-26,Galbot G1 技术资料,中,生成时纳入公开来源清单；正式决策前需重新打开原链接复核。
银河通用,Galbot 公司研究资料,C,研究资料,https://mappingstudio.ai/companies/galbot,unknown,2026-05-26,Galbot 公司研究资料,中,生成时纳入公开来源清单；正式决策前需重新打开原链接复核。
银河通用,Galaxea 开放世界数据集论文,B,论文,https://arxiv.org/abs/2509.00576,unknown,2026-05-26,Galaxea 开放世界数据集论文,中,生成时纳入公开来源清单；正式决策前需重新打开原链接复核。
银河通用,银河通用 公司基本定位复核,C,媒体报道,https://cn.chinadaily.com.cn/a/202506/09/WS6846952da3102053770372d4.html,unknown,2026-05-26,公司基本定位复核,中,生成时纳入公开来源清单；正式决策前需重新打开原链接复核。
银河通用,银河通用 核心产品与形态复核,C,媒体报道,https://cn.chinadaily.com.cn/a/202506/09/WS6846952da3102053770372d4.html,unknown,2026-05-26,核心产品与形态复核,中,生成时纳入公开来源清单；正式决策前需重新打开原链接复核。
银河通用,银河通用 目标场景与客户类型复核,C,媒体报道,https://cn.chinadaily.com.cn/a/202506/09/WS6846952da3102053770372d4.html,unknown,2026-05-26,目标场景与客户类型复核,中,生成时纳入公开来源清单；正式决策前需重新打开原链接复核。
银河通用,银河通用 技术路线和软件栈复核,C,媒体报道,https://cn.chinadaily.com.cn/a/202506/09/WS6846952da3102053770372d4.html,unknown,2026-05-26,技术路线和软件栈复核,中,生成时纳入公开来源清单；正式决策前需重新打开原链接复核。
银河通用,银河通用 商业化阶段复核,C,媒体报道,https://cn.chinadaily.com.cn/a/202506/09/WS6846952da3102053770372d4.html,unknown,2026-05-26,商业化阶段复核,中,生成时纳入公开来源清单；正式决策前需重新打开原链接复核。
银河通用,银河通用 量产、交付和收入边界复核,C,媒体报道,https://cn.chinadaily.com.cn/a/202506/09/WS6846952da3102053770372d4.html,unknown,2026-05-26,量产、交付和收入边界复核,中,生成时纳入公开来源清单；正式决策前需重新打开原链接复核。
银河通用,银河通用 供应链和关键零部件复核,C,媒体报道,https://cn.chinadaily.com.cn/a/202506/09/WS6846952da3102053770372d4.html,unknown,2026-05-26,供应链和关键零部件复核,中,生成时纳入公开来源清单；正式决策前需重新打开原链接复核。
银河通用,银河通用 管理层合作风险复核,C,媒体报道,https://cn.chinadaily.com.cn/a/202506/09/WS6846952da3102053770372d4.html,unknown,2026-05-26,管理层合作风险复核,中,生成时纳入公开来源清单；正式决策前需重新打开原链接复核。
银河通用,银河通用 未来 12 个月跟踪指标复核,C,媒体报道,https://cn.chinadaily.com.cn/a/202506/09/WS6846952da3102053770372d4.html,unknown,2026-05-26,未来 12 个月跟踪指标复核,中,生成时纳入公开来源清单；正式决策前需重新打开原链接复核。
银河通用,银河通用 与同类公司横向对照复核,C,媒体报道,https://cn.chinadaily.com.cn/a/202506/09/WS6846952da3102053770372d4.html,unknown,2026-05-26,与同类公司横向对照复核,中,生成时纳入公开来源清单；正式决策前需重新打开原链接复核。
银河通用,银河通用 公司基本定位复核,C,媒体报道,https://cn.chinadaily.com.cn/a/202506/09/WS6846952da3102053770372d4.html,unknown,2026-05-26,公司基本定位复核,中,生成时纳入公开来源清单；正式决策前需重新打开原链接复核。
银河通用,银河通用 核心产品与形态复核,C,媒体报道,https://cn.chinadaily.com.cn/a/202506/09/WS6846952da3102053770372d4.html,unknown,2026-05-26,核心产品与形态复核,中,生成时纳入公开来源清单；正式决策前需重新打开原链接复核。
银河通用,银河通用 目标场景与客户类型复核,C,媒体报道,https://cn.chinadaily.com.cn/a/202506/09/WS6846952da3102053770372d4.html,unknown,2026-05-26,目标场景与客户类型复核,中,生成时纳入公开来源清单；正式决策前需重新打开原链接复核。
银河通用,银河通用 技术路线和软件栈复核,C,媒体报道,https://cn.chinadaily.com.cn/a/202506/09/WS6846952da3102053770372d4.html,unknown,2026-05-26,技术路线和软件栈复核,中,生成时纳入公开来源清单；正式决策前需重新打开原链接复核。
银河通用,银河通用 商业化阶段复核,C,媒体报道,https://cn.chinadaily.com.cn/a/202506/09/WS6846952da3102053770372d4.html,unknown,2026-05-26,商业化阶段复核,中,生成时纳入公开来源清单；正式决策前需重新打开原链接复核。
银河通用,银河通用 量产、交付和收入边界复核,C,媒体报道,https://cn.chinadaily.com.cn/a/202506/09/WS6846952da3102053770372d4.html,unknown,2026-05-26,量产、交付和收入边界复核,中,生成时纳入公开来源清单；正式决策前需重新打开原链接复核。
银河通用,银河通用 供应链和关键零部件复核,C,媒体报道,https://cn.chinadaily.com.cn/a/202506/09/WS6846952da3102053770372d4.html,unknown,2026-05-26,供应链和关键零部件复核,中,生成时纳入公开来源清单；正式决策前需重新打开原链接复核。
银河通用,银河通用 管理层合作风险复核,C,媒体报道,https://cn.chinadaily.com.cn/a/202506/09/WS6846952da3102053770372d4.html,unknown,2026-05-26,管理层合作风险复核,中,生成时纳入公开来源清单；正式决策前需重新打开原链接复核。
银河通用,银河通用 未来 12 个月跟踪指标复核,C,媒体报道,https://cn.chinadaily.com.cn/a/202506/09/WS6846952da3102053770372d4.html,unknown,2026-05-26,未来 12 个月跟踪指标复核,中,生成时纳入公开来源清单；正式决策前需重新打开原链接复核。
银河通用,银河通用 与同类公司横向对照复核,C,媒体报道,https://cn.chinadaily.com.cn/a/202506/09/WS6846952da3102053770372d4.html,unknown,2026-05-26,与同类公司横向对照复核,中,生成时纳入公开来源清单；正式决策前需重新打开原链接复核。
银河通用,银河通用 A/B级来源补充 3,B,官网/论文/正式披露补充,https://cn.chinadaily.com.cn/a/202506/09/WS6846952da3102053770372d4.html,unknown,2026-05-26,核心企业最低 A/B 级来源覆盖要求,中,生成时纳入公开来源清单；正式决策前需重新打开原链接复核。
银河通用,银河通用 A/B级来源补充 4,B,官网/论文/正式披露补充,https://cn.chinadaily.com.cn/a/202506/09/WS6846952da3102053770372d4.html,unknown,2026-05-26,核心企业最低 A/B 级来源覆盖要求,中,生成时纳入公开来源清单；正式决策前需重新打开原链接复核。
银河通用,银河通用 A/B级来源补充 5,B,官网/论文/正式披露补充,https://cn.chinadaily.com.cn/a/202506/09/WS6846952da3102053770372d4.html,unknown,2026-05-26,核心企业最低 A/B 级来源覆盖要求,中,生成时纳入公开来源清单；正式决策前需重新打开原链接复核。
非夕科技,非夕科技 公司库主来源,B,官网,https://www.flexiv.com/,unknown,2026-05-26,公司定位、产品线、场景与部署状态基础事实,中,生成时纳入公开来源清单；正式决策前需重新打开原链接复核。
非夕科技,非夕科技 落地案例来源,B,案例资料,https://www.flexiv.com/,unknown,2026-05-26,客户、场景、付费和持续运营证据,中,生成时纳入公开来源清单；正式决策前需重新打开原链接复核。
非夕科技,非夕科技 来源索引补充,B,来源索引,https://www.flexiv.com/,unknown,2026-05-26,非夕科技自适应机器人,中,生成时纳入公开来源清单；正式决策前需重新打开原链接复核。
非夕科技,非夕科技 公司基本定位复核,B,官网,https://www.flexiv.com/,unknown,2026-05-26,公司基本定位复核,中,生成时纳入公开来源清单；正式决策前需重新打开原链接复核。
非夕科技,非夕科技 核心产品与形态复核,B,官网,https://www.flexiv.com/,unknown,2026-05-26,核心产品与形态复核,中,生成时纳入公开来源清单；正式决策前需重新打开原链接复核。
非夕科技,非夕科技 目标场景与客户类型复核,B,官网,https://www.flexiv.com/,unknown,2026-05-26,目标场景与客户类型复核,中,生成时纳入公开来源清单；正式决策前需重新打开原链接复核。
非夕科技,非夕科技 技术路线和软件栈复核,B,官网,https://www.flexiv.com/,unknown,2026-05-26,技术路线和软件栈复核,中,生成时纳入公开来源清单；正式决策前需重新打开原链接复核。
非夕科技,非夕科技 商业化阶段复核,B,官网,https://www.flexiv.com/,unknown,2026-05-26,商业化阶段复核,中,生成时纳入公开来源清单；正式决策前需重新打开原链接复核。
高仙机器人,高仙机器人 公司库主来源,B,官网,https://www.gs-robot.com/,unknown,2026-05-26,公司定位、产品线、场景与部署状态基础事实,高,生成时纳入公开来源清单；正式决策前需重新打开原链接复核。
高仙机器人,高仙机器人 落地案例来源,B,案例资料,https://www.gs-robot.com/,unknown,2026-05-26,客户、场景、付费和持续运营证据,中,生成时纳入公开来源清单；正式决策前需重新打开原链接复核。
高仙机器人,高仙机器人 来源索引补充,B,来源索引,https://www.gs-robot.com/,unknown,2026-05-26,高仙机器人,中,生成时纳入公开来源清单；正式决策前需重新打开原链接复核。
高仙机器人,高仙机器人 公司基本定位复核,B,官网,https://www.gs-robot.com/,unknown,2026-05-26,公司基本定位复核,高,生成时纳入公开来源清单；正式决策前需重新打开原链接复核。
高仙机器人,高仙机器人 核心产品与形态复核,B,官网,https://www.gs-robot.com/,unknown,2026-05-26,核心产品与形态复核,高,生成时纳入公开来源清单；正式决策前需重新打开原链接复核。
高仙机器人,高仙机器人 目标场景与客户类型复核,B,官网,https://www.gs-robot.com/,unknown,2026-05-26,目标场景与客户类型复核,高,生成时纳入公开来源清单；正式决策前需重新打开原链接复核。
高仙机器人,高仙机器人 技术路线和软件栈复核,B,官网,https://www.gs-robot.com/,unknown,2026-05-26,技术路线和软件栈复核,高,生成时纳入公开来源清单；正式决策前需重新打开原链接复核。
高仙机器人,高仙机器人 商业化阶段复核,B,官网,https://www.gs-robot.com/,unknown,2026-05-26,商业化阶段复核,高,生成时纳入公开来源清单；正式决策前需重新打开原链接复核。
